id,survey,A1,A2,A3,A4,A5,A6,A7,A8,A9,A10,A11,A12,A13
2153234482,ups,NA,NA,NA,NA,NA,NA,NA,NA
2153267150,ups,2,3,1,4,1,0,4,3
2153306597,ups,1,1,5,1,2,0,2,3
2153306607,ups,1,5,4,1,5,3,5,6
2153306612,ups,0,2,0,2,2,0,1,1
2153306619,ups,3,2,3,4,4,1,1,6
2153306624,ups,0,0,0,0,0,0,1,NA
2153306628,ups,1,1,0,0,0,0,1,1
2153306645,ups,1,2,2,0,0,0,0,0
2153306655,ups,0,0,0,0,0,0,3,0
2153306668,ups,1,1,4,1,1,3,2,3
2153306674,ups,2,1,3,1,1,1,1,2
2153306682,ups,0,0,0,0,0,0,3,0
2153306688,ups,3,2,3,2,2,0,0,NA
2153306720,ups,0,1,1,2,2,0,1,1
2153307812,ups,1,2,0,1,1,0,2,1
2153308153,ups,0,2,2,2,3,2,2,2
2153308921,ups,1,2,0,4,0,0,1,3
2153309957,ups,1,4,5,5,5,1,4,4
2153309958,ups,2,4,3,4,2,0,4,5
2153332459,ups,0,5,0,0,3,0,2,2
2153332461,ups,3,2,2,1,0,0,1,4
2153362776,ups,0,1,0,0,0,0,2,0
2153362877,ups,0,2,1,4,0,0,0,6
2153362891,ups,4,4,1,5,1,0,2,1
2153367766,ups,2,3,3,2,5,2,2,3
2153367775,ups,5,5,5,5,5,5,5,6
2153367777,ups,1,2,3,2,2,2,1,2
2153367781,ups,5,5,5,5,5,5,5,6
2153367783,ups,NA,2,1,1,1,0,3,2
2153367787,ups,0,1,0,0,1,0,1,0
2153367791,ups,1,2,0,2,2,0,1,2
2153367795,ups,1,2,0,0,3,0,1,NA
2153367797,ups,NA,0,0,0,0,0,0,0
2153367801,ups,0,1,1,0,2,0,2,2
2153367807,ups,0,1,0,0,0,NA,3,1
2153367813,ups,0,0,0,0,0,0,1,0
2153367815,ups,0,1,1,2,1,0,1,2
2153367848,ups,5,5,3,4,4,3,NA,3
2153367932,ups,1,3,1,4,2,0,3,2
2153367940,ups,4,3,5,4,3,2,4,3
2153368357,ups,1,1,1,1,1,0,2,2
2153368361,ups,1,1,1,0,0,1,0,1
2153368362,ups,0,0,0,0,0,0,0,NA
2153368458,ups,NA,NA,NA,NA,NA,NA,NA,5
2153370104,ups,0,4,0,1,1,0,5,5
2153370123,ups,5,5,5,3,NA,NA,4,4
2153370131,ups,2,4,0,3,3,1,3,3
2153378225,ups,2,NA,1,4,1,1,3,2
2153378346,ups,5,5,5,5,5,5,2,5
2153378584,ups,1,1,0,0,0,0,2,1
2153378692,ups,NA,NA,NA,NA,NA,NA,NA,2
2153378808,ups,0,2,0,0,1,0,1,0
2153384493,ups,1,3,2,2,3,3,4,2
2153384495,ups,1,1,1,1,1,0,NA,2
2153384497,ups,3,5,1,3,3,0,5,4
2153384509,ups,1,2,1,1,1,1,0,4
2153390564,ups,2,1,0,0,4,1,1,NA
2153390570,ups,1,1,1,2,2,1,4,2
2153390571,ups,3,3,3,5,3,3,4,4
2153391707,ups,NA,NA,NA,NA,NA,NA,NA,NA
2153393130,ups,NA,NA,NA,NA,NA,NA,NA,1
2153393136,ups,4,NA,NA,4,1,0,NA,5
2153393141,ups,4,4,4,2,3,0,4,3
2153393146,ups,2,3,1,1,4,3,1,2
2153406544,ups,NA,4,NA,1,2,4,5,3
2153410868,ups,4,2,2,4,NA,2,3,2
2153410872,ups,1,0,1,1,1,1,1,1
2153410876,ups,3,NA,4,0,4,1,2,2
2153410885,ups,0,1,0,1,1,1,0,1
2153410887,ups,0,2,0,0,0,0,2,0
2153410891,ups,3,4,4,2,3,2,3,4
2153410895,ups,3,3,1,0,1,0,4,3
2153410901,ups,5,4,3,3,2,1,1,2
2153411299,ups,0,1,0,0,0,0,1,2
2153411300,ups,NA,NA,NA,0,NA,NA,NA,NA
2153411302,ups,2,0,0,3,5,5,2,NA
2153411312,ups,NA,NA,NA,NA,NA,NA,NA,6
2153411317,ups,5,4,3,4,5,2,4,4
2153411319,ups,NA,NA,NA,NA,NA,NA,NA,NA
2153411327,ups,0,1,0,1,1,0,1,2
2153411329,ups,1,2,1,1,4,0,2,0
2153411332,ups,0,1,0,0,0,0,1,0
2153411333,ups,0,1,0,0,0,0,0,0
2153411341,ups,0,4,0,0,0,0,4,3
2153411342,ups,0,1,5,0,4,1,NA,3
2153411343,ups,1,1,1,1,1,1,1,0
2153411345,ups,NA,NA,NA,NA,NA,NA,NA,0
2153411352,ups,1,2,0,0,0,0,1,2
2153411355,ups,3,3,3,3,3,2,4,3
2153411356,ups,0,4,1,0,3,0,2,NA
2153411357,ups,1,3,2,4,1,0,NA,1
2153411359,ups,2,4,1,2,1,1,0,4
2153412633,ups,0,0,0,0,0,0,1,5
2153449235,ups,NA,NA,NA,NA,NA,NA,NA,3
2153449236,ups,1,1,3,0,NA,NA,1,1
2153451013,ups,2,1,1,1,2,1,2,3
2153451014,ups,5,3,5,5,5,5,3,NA
2153451016,ups,1,4,1,5,0,0,1,5
2153451020,ups,0,1,0,1,0,0,NA,NA
2153451021,ups,NA,NA,NA,NA,NA,NA,2,3
2153451023,ups,NA,NA,NA,NA,NA,NA,2,4
2153451025,ups,1,3,0,0,2,2,3,2
2153451027,ups,3,3,NA,3,1,0,3,2
2153451044,ups,0,0,0,0,0,0,NA,1
2153451048,ups,0,0,0,0,0,0,2,0
2153451051,ups,NA,NA,NA,NA,NA,NA,NA,3
2153458614,ups,5,5,4,4,4,NA,NA,0
2153458619,ups,NA,NA,5,0,0,NA,NA,0
2153458623,ups,4,4,2,NA,5,3,NA,4
2153458632,ups,0,NA,0,NA,NA,NA,NA,0
2153458637,ups,0,2,1,0,2,2,1,3
2153458640,ups,4,NA,5,NA,0,NA,NA,0
2153468789,ups,1,4,3,1,3,1,5,4
2153478728,ups,0,0,0,0,0,0,0,0
2153478736,ups,1,1,0,0,1,2,0,3
2153478748,ups,NA,3,0,0,0,0,1,0
2153478760,ups,2,2,3,1,3,2,2,2
2153478773,ups,2,4,2,1,2,0,2,2
2153478778,ups,0,1,0,0,0,0,2,NA
2153478797,ups,NA,NA,NA,NA,NA,NA,5,4
2153478799,ups,5,5,5,3,0,0,5,NA
2153478841,ups,2,3,0,1,1,0,4,3
2153484184,ups,1,3,2,4,2,2,2,4
2153484277,ups,0,0,0,0,0,0,0,0
2153484278,ups,0,0,0,1,5,0,2,2
2153484280,ups,1,5,0,2,0,0,1,0
2153484281,ups,2,4,2,0,1,0,2,1
2153484286,ups,0,2,0,0,1,0,0,4
2153485475,ups,0,1,1,1,1,1,1,4
2153486070,ups,4,5,5,4,3,4,3,4
2153486080,ups,1,1,1,0,3,0,2,2
2153486090,ups,1,3,0,4,1,1,2,2
2153486099,ups,2,5,2,0,1,2,2,2
2153486105,ups,0,3,1,1,3,0,2,1
2153486111,ups,0,5,1,1,1,NA,4,3
2153486115,ups,4,5,4,5,1,0,3,4
2153486117,ups,NA,1,0,NA,NA,0,NA,1
2153486123,ups,5,5,5,5,4,0,3,2
2153486127,ups,2,1,1,3,1,0,2,2
2153487366,ups,4,4,5,0,0,0,2,1
2153503564,ups,1,1,0,1,0,1,2,2
2153503565,ups,1,1,0,1,2,0,2,2
2153538071,ups,1,0,NA,0,1,0,2,2
2153546193,ups,0,2,0,1,1,0,1,2
2153546218,ups,NA,NA,NA,NA,NA,NA,NA,0
2153546222,ups,1,1,0,1,1,0,1,1
2153546224,ups,1,1,1,1,1,1,0,2
2153546229,ups,3,2,3,2,3,0,3,4
2153546231,ups,0,1,0,3,5,0,2,4
2153546236,ups,3,5,5,4,5,5,NA,NA
2153546240,ups,0,NA,0,0,0,NA,NA,2
2153546250,ups,1,0,0,0,0,0,2,NA
2153546268,ups,0,0,0,0,0,0,NA,NA
2153546278,ups,5,5,5,5,4,0,2,6
2153546284,ups,0,0,0,0,0,1,NA,NA
2153546289,ups,0,0,0,0,0,0,2,0
2153556974,ups,NA,1,0,1,1,1,1,2
2153556977,ups,1,1,0,0,0,0,1,0
2153556997,ups,4,2,2,5,4,0,0,3
2153557224,ups,0,1,2,1,0,0,0,0
2153559919,ups,2,1,2,0,1,1,1,2
2153560021,ups,2,4,3,3,2,3,2,3
2153560271,ups,0,0,1,1,2,0,1,2
2153560297,ups,NA,0,0,0,0,0,1,0
2153569772,ups,0,0,0,1,4,0,1,3
2153569773,ups,4,4,5,5,5,5,3,NA
2153569774,ups,1,1,0,0,0,0,1,NA
2153569778,ups,3,3,3,3,4,2,3,3
2153569779,ups,0,3,0,0,0,0,3,4
2153569780,ups,1,2,0,1,1,1,2,2
2153574658,ups,1,1,3,1,5,0,1,1
2153591759,ups,NA,NA,NA,NA,NA,NA,NA,3
2153591760,ups,0,3,0,2,3,0,1,2
2153591761,ups,0,3,1,0,4,1,3,0
2153591765,ups,4,4,1,5,5,4,1,5
2153591769,ups,0,0,0,0,0,0,1,0
2153591774,ups,NA,NA,3,NA,2,NA,NA,3
2153591775,ups,0,0,0,0,0,0,1,0
2153591776,ups,0,1,0,0,1,0,1,0
2153591779,ups,1,3,3,1,4,1,1,2
2153591781,ups,2,1,1,2,3,0,4,2
2153591783,ups,0,0,0,0,0,0,1,0
2153591784,ups,2,4,4,4,3,3,3,2
2153591785,ups,0,0,0,0,0,0,2,0
2153591787,ups,1,4,1,0,3,0,1,2
2153591789,ups,1,1,2,2,5,2,1,2
2153591790,ups,2,1,NA,1,1,0,3,1
2153591791,ups,3,5,3,4,1,1,2,3
2153591798,ups,0,1,0,0,0,0,NA,0
2153591799,ups,5,4,5,NA,NA,4,5,NA
2153591801,ups,1,1,2,1,1,1,1,2
2153591802,uob,1,1,0,1,0,0,1,1,3,2,4,4,4
2153591805,ups,0,2,0,1,2,0,1,3
2153591808,ups,4,4,4,4,4,4,2,3
2153591812,ups,5,5,3,4,4,3,3,5
2153591875,ups,NA,1,0,2,1,0,2,2
2153591877,ups,1,2,0,4,2,0,1,5
2153591880,ups,2,3,1,1,0,0,3,2
2153591881,ups,2,4,1,0,1,0,3,1
2153591884,ups,1,1,0,0,0,0,3,2
2153591888,uob,0,0,0,0,2,0,1,1,2,0,0,0,0
2153591889,uob,3,4,2,NA,2,0,3,1,0,1,1,1,5
2153591891,ups,2,1,4,1,1,0,0,0
2153591893,uob,1,4,0,4,NA,NA,5,2,1,0,0,0,0
2153593804,ups,1,1,1,1,1,0,1,1
2153593833,ups,1,2,1,1,1,1,1,3
2153593845,ups,1,0,1,0,3,1,2,4
2153594220,ups,1,2,1,2,1,2,0,2
2153594229,ups,1,1,1,1,1,1,1,2
2153594235,ups,NA,0,0,NA,NA,0,2,2
2153598494,ups,2,NA,0,1,0,0,2,NA
2153598501,ups,NA,NA,NA,NA,NA,NA,NA,2
2153598509,ups,2,3,2,1,3,3,5,3
2153598518,ups,0,2,0,1,1,0,1,NA
2153598533,ups,0,0,1,1,3,NA,3,2
2153598539,ups,3,4,3,3,4,3,3,5
2153598552,ups,0,1,0,1,1,0,1,3
2153639051,uob,0,3,0,0,0,0,3,0,3,NA,NA,NA,NA
2153639053,uob,1,1,1,0,1,0,2,1,4,5,5,5,5
2153639057,uob,0,1,1,1,0,0,2,2,NA,3,4,NA,3
2153639059,ups,1,1,2,0,4,1,2,NA
2153639060,ups,4,4,4,3,3,3,3,3
2153639061,uob,1,1,1,1,0,0,2,1,4,5,5,NA,NA
2153639062,ups,NA,NA,NA,NA,NA,NA,NA,2
2153639063,ups,1,3,0,2,5,0,0,3
2153639066,ups,0,0,0,0,2,0,1,1
2153639069,uob,0,5,1,0,3,0,5,NA,NA,NA,NA,NA,NA
2153639070,ups,0,1,1,0,0,0,1,0
2153639869,uob,1,1,2,0,3,0,1,0,5,5,5,5,5
2153639870,uob,1,1,1,1,1,3,2,2,NA,NA,NA,NA,NA
2153639875,ups,0,2,2,0,0,0,0,1
2153639877,ups,0,4,0,0,1,0,3,1
2153639879,ups,3,5,0,1,3,0,2,3
2153639885,ups,5,5,5,5,5,5,4,6
2153639892,ups,1,3,1,1,2,1,3,2
2153639893,ups,1,3,1,1,3,2,1,3
2153641155,ups,2,3,1,4,3,2,3,2
2153644587,ups,0,0,1,0,1,1,0,0
2153654096,ups,0,0,0,0,0,0,3,1
2153685641,uob,NA,NA,NA,NA,NA,0,1,NA,NA,0,NA,NA,NA
2153685645,uob,1,2,2,1,0,0,2,1,0,0,0,0,0
2153685650,uob,4,3,1,0,4,2,2,1,3,3,3,3,4
2153685651,uob,2,NA,NA,3,4,3,1,4,NA,5,3,4,4
2153685653,uob,1,1,2,1,3,0,1,1,NA,0,NA,0,NA
2153685655,uob,NA,NA,NA,NA,NA,NA,NA,NA,NA,NA,NA,NA,NA
2153685660,uob,NA,NA,NA,NA,NA,NA,NA,NA,3,NA,NA,NA,NA
2153685662,uob,0,0,5,0,3,0,1,NA,1,NA,3,2,1
2153685669,uob,1,3,2,5,1,3,1,2,2,2,2,3,3
2153685678,uob,5,4,1,5,4,0,3,5,3,5,4,5,2
2153685680,uob,0,5,0,5,0,0,2,4,0,0,NA,0,0
2153685681,uob,3,4,5,4,3,4,4,2,4,5,5,5,5
2153685684,uob,0,0,NA,NA,NA,NA,2,5,NA,5,NA,5,5
2153685686,uob,0,0,0,1,NA,0,5,2,4,0,0,0,0
2153685725,uob,1,1,0,0,0,1,2,NA,NA,0,0,0,0
2153685727,uob,2,5,2,5,5,3,3,3,2,3,1,2,4
2153685728,uob,2,3,2,4,2,2,1,2,4,3,NA,NA,NA
2153694846,uob,NA,NA,NA,NA,NA,NA,NA,NA,NA,NA,NA,NA,NA
2153707068,uob,1,1,1,2,1,0,1,1,0,0,0,0,0
2153707069,uob,0,0,0,0,0,0,0,NA,3,2,2,3,3
2153707071,uob,1,1,1,1,1,0,5,1,3,NA,2,NA,2
2153707073,uob,2,5,0,4,1,0,4,2,5,5,5,5,5
2153707075,uob,1,2,3,2,3,0,1,1,3,4,3,3,4
2153707076,uob,0,1,0,0,0,0,1,NA,5,5,5,5,5
2153707077,uob,0,2,0,4,1,0,2,1,4,5,5,NA,5
2153707078,uob,0,1,0,0,1,0,1,NA,2,2,2,1,2
2153707081,uob,1,4,0,4,3,5,1,2,2,3,NA,NA,NA
2153707082,uob,5,3,NA,5,5,5,4,5,2,4,4,3,3
2153707084,uob,0,4,0,4,0,0,4,1,0,NA,0,0,0
2153707085,uob,2,4,1,NA,3,0,3,3,4,5,4,5,5
2153707086,uob,1,3,2,1,3,3,2,1,5,NA,5,5,5
2153707088,uob,0,0,0,0,NA,NA,5,2,2,2,2,2,2
2153707089,uob,0,5,0,1,0,0,2,3,3,3,3,3,3
2153707090,uob,2,3,4,1,2,0,3,1,2,1,2,3,4
2153707092,uob,0,NA,0,0,0,0,1,NA,NA,NA,NA,NA,NA
2153707094,uob,1,3,2,0,1,0,0,0,3,3,2,3,NA
2153725955,ups,NA,4,0,NA,NA,NA,NA,NA
2153728939,uob,0,1,0,0,0,0,1,NA,NA,NA,NA,NA,NA
2153729140,ups,0,0,0,0,0,0,1,5
2153729165,ups,0,NA,NA,NA,NA,NA,NA,NA
2153729182,ups,3,3,3,3,4,NA,2,5
2153750946,uob,4,4,2,4,3,3,NA,NA,NA,NA,NA,NA,NA
2153750947,uob,0,1,0,0,0,0,1,NA,2,0,0,0,0
2153750954,uob,0,4,5,4,2,0,3,3,1,1,1,2,5
2153750955,uob,5,4,4,NA,NA,NA,4,NA,4,4,4,4,4
2153750961,uob,3,3,2,0,2,NA,3,NA,3,3,4,5,5
2153750963,uob,2,2,2,0,2,0,2,1,4,5,5,5,5
2153750965,uob,3,5,5,4,5,0,3,3,5,5,5,5,5
2153750998,uob,2,NA,2,0,NA,NA,NA,NA,1,NA,1,1,2
2153751000,uob,0,1,1,0,2,0,NA,0,5,5,5,NA,5
2153751003,uob,0,1,1,0,2,0,2,NA,1,1,1,1,1
2153751048,uob,0,NA,NA,0,NA,1,NA,NA,5,5,5,NA,5
2153751049,uob,0,1,1,1,1,0,1,0,5,5,NA,NA,NA
2153751052,uob,1,2,0,1,2,0,3,2,NA,NA,3,3,4
2153751058,uob,0,2,0,1,2,0,3,NA,NA,NA,NA,NA,NA
2153751062,uob,3,2,2,4,2,0,2,1,0,0,0,NA,0
2153751069,uob,5,1,5,0,5,2,0,NA,0,0,0,0,0
2153751070,uob,1,1,2,1,0,4,4,NA,2,3,3,4,4
2153751073,uob,0,3,0,0,0,NA,4,NA,3,0,0,0,0
2153751074,uob,1,3,1,0,1,0,2,5,0,0,0,0,0
2153751075,uob,2,1,0,0,0,0,0,1,NA,4,4,4,3
2153751076,uob,3,4,1,3,1,0,5,4,4,5,5,5,5
2153751111,uob,0,2,0,0,0,0,1,NA,1,3,2,3,5
2153751118,uob,NA,0,NA,NA,NA,NA,NA,NA,NA,NA,5,NA,5
2153751120,uob,0,0,0,0,0,0,1,1,3,4,5,5,5
2153751121,uob,0,1,0,0,0,0,1,0,3,NA,NA,5,NA
2153751124,uob,1,5,NA,1,1,1,4,2,2,3,2,3,2
2153751125,uob,2,2,1,0,2,1,1,1,1,2,1,1,1
2153751127,uob,0,0,0,0,0,0,1,NA,3,3,2,4,3
2153751129,uob,0,1,0,0,1,0,3,1,1,2,2,1,2
2153751136,uob,3,3,3,NA,3,3,4,NA,3,3,2,2,2
2153751138,uob,0,0,3,0,4,0,0,NA,5,5,5,5,5
2153761650,uob,0,0,0,0,0,0,1,NA,4,5,5,5,5
2153761654,uob,1,1,0,4,1,0,4,0,0,0,0,0,0
2153794538,uob,0,0,0,0,0,0,3,NA,NA,NA,5,5,5
2153794553,uob,0,0,0,0,1,0,1,0,2,0,0,0,0
2153794556,uob,1,1,4,2,3,3,1,1,2,0,0,0,0
2153794558,uob,0,2,2,1,3,0,1,0,1,1,NA,NA,0
2153794565,uob,0,0,0,1,0,0,2,1,NA,NA,NA,NA,NA
2153794569,ups,1,5,1,0,0,1,2,6
2153794571,uob,1,4,1,0,0,0,5,3,0,0,0,0,0
2153794578,uob,2,4,3,4,5,0,2,4,NA,3,4,4,4
2153794581,uob,1,1,2,0,2,2,1,0,3,5,5,4,5
2153794589,uob,3,0,0,0,NA,0,2,4,NA,NA,NA,NA,NA
2153794593,uob,4,3,4,5,5,0,3,1,NA,NA,NA,NA,NA
2153794609,uob,0,0,0,0,0,0,1,NA,5,NA,5,5,5
2153794617,uob,0,5,0,4,0,0,5,5,1,5,4,4,4
2153794624,uob,0,1,0,2,3,0,1,0,5,5,5,5,5
2153794628,uob,0,0,0,1,0,0,1,1,4,5,5,NA,5
2153794634,uob,0,1,0,0,1,0,0,NA,5,4,4,4,3
2153794640,uob,1,1,0,1,1,NA,1,NA,3,4,0,0,0
2153794648,uob,0,0,0,0,0,0,1,NA,3,4,5,5,5
2153794651,uob,0,0,0,1,0,0,1,2,NA,5,4,4,5
2153794654,uob,NA,1,1,1,NA,0,3,2,0,0,0,NA,0
2153794655,uob,3,2,2,2,3,2,3,2,4,5,4,4,5
2153794658,uob,0,0,0,0,0,0,1,0,3,5,5,4,5
2153794661,uob,4,5,4,3,3,0,2,2,3,2,2,2,3
2153794668,uob,5,5,5,3,3,0,2,1,NA,1,1,1,1
2153796102,uob,5,5,1,4,4,1,2,3,NA,3,2,3,3
2153812738,uob,0,3,0,1,0,0,1,0,3,3,0,0,0
2153812741,uob,1,1,3,1,0,0,2,4,0,1,1,1,1
2153812753,uob,0,1,0,1,0,0,1,1,5,5,0,0,0
2153812755,uob,1,3,1,3,3,1,1,NA,NA,0,NA,0,0
2153812840,uob,1,2,0,3,5,0,1,2,0,0,0,0,0
2153812842,uob,4,1,3,5,4,2,3,3,2,3,3,NA,3
2153812844,uob,4,0,0,4,0,0,5,2,2,NA,0,0,NA
2153812846,uob,0,0,0,2,0,0,0,0,5,5,5,5,5
2153822951,ups,0,0,0,0,0,NA,NA,0
2153822955,ups,3,1,3,0,1,0,1,2
2153822961,ups,1,1,0,0,0,0,2,1
2153822965,ups,3,3,3,3,3,2,1,2
2153822969,ups,0,2,2,1,0,0,3,2
2153822971,ups,1,NA,2,4,NA,0,1,NA
2153822975,ups,3,4,3,3,4,4,3,3
2153822979,ups,0,1,0,1,0,0,1,1
2153822983,ups,1,1,1,0,1,0,2,1
2153822988,ups,NA,4,1,4,5,NA,1,3
2153822991,ups,0,0,0,0,1,0,2,1
2153822993,ups,0,1,0,0,0,0,1,1
2153822997,ups,1,2,0,0,3,3,2,NA
2153823003,ups,1,1,2,1,1,1,2,0
2153823007,ups,NA,NA,NA,NA,NA,NA,NA,1
2153823009,ups,0,1,1,0,0,0,4,2
2153823013,ups,1,2,0,0,0,0,2,NA
2153823019,ups,0,2,2,0,0,1,2,4
2153823021,ups,1,3,3,1,1,0,2,1
2153823028,ups,4,2,2,0,2,3,4,5
2153823034,ups,2,3,1,5,3,1,4,3
2153823038,ups,0,1,0,0,0,0,2,1
2153823041,ups,0,1,0,4,2,0,2,2
2153836788,uob,4,4,4,4,4,1,1,0,2,3,4,3,5
2153836798,uob,2,3,0,1,2,0,3,NA,2,4,4,5,2
2153836799,uob,0,0,2,1,2,0,2,1,NA,NA,NA,NA,NA
2153836801,uob,1,3,0,1,0,0,3,1,3,3,3,4,3
2153836802,uob,0,2,0,5,5,0,3,2,3,0,0,0,0
2153836804,uob,0,2,0,3,1,0,1,0,0,2,2,2,2
2153836805,uob,0,2,3,1,0,0,4,3,5,5,5,5,5
2153836807,uob,0,NA,0,0,1,0,1,NA,5,5,5,5,4
2153836829,uob,5,5,5,5,5,5,5,5,1,0,0,0,0
2153836830,uob,3,4,NA,4,NA,5,5,5,0,0,0,0,0
2153836832,uob,3,4,NA,NA,NA,0,0,NA,4,5,5,5,2
2153836836,uob,3,5,4,5,3,0,5,3,1,1,0,0,0
2153837676,uob,0,5,NA,4,4,4,4,3,2,NA,1,0,0
2153837677,uob,2,4,0,3,1,0,1,0,3,4,4,4,5
2153837682,uob,2,2,2,3,1,0,2,0,3,3,3,4,5
2153837683,uob,0,0,0,0,0,0,0,1,NA,NA,NA,NA,NA
2153837686,uob,NA,NA,NA,NA,NA,NA,NA,NA,NA,NA,NA,NA,NA
2153837689,uob,1,2,1,0,3,NA,2,2,NA,NA,NA,0,0
2153837690,uob,1,2,0,2,2,0,1,1,1,2,3,3,3
2153837696,uob,0,1,0,1,1,1,1,0,2,1,1,2,4
2153837697,uob,0,1,1,2,1,0,2,NA,5,5,5,5,5
2153837699,uob,0,2,0,1,1,0,3,1,0,0,0,0,0
2153847333,ups,0,2,0,1,0,0,2,3
2153847356,ups,NA,3,3,NA,NA,NA,NA,NA
2153847359,ups,0,5,0,2,0,0,2,0
2153878898,uob,2,3,2,1,3,1,5,1,3,3,2,3,3
2153878901,uob,1,2,1,1,1,0,3,1,5,5,5,4,5
2153878904,uob,0,2,1,1,3,1,1,0,5,5,5,5,5
2153878909,uob,3,3,0,3,0,0,2,2,4,2,3,5,5
2153878916,uob,0,3,5,5,5,4,NA,4,NA,NA,0,0,0
2153878920,uob,1,2,1,0,0,0,2,0,3,3,0,0,0
2153878922,uob,1,5,1,5,3,0,1,2,4,4,4,4,4
2153878926,uob,4,4,4,1,2,1,4,4,NA,4,5,5,5
2153878942,uob,1,1,1,2,1,2,1,2,3,3,3,4,4
2153878949,uob,0,0,0,0,0,1,1,NA,NA,NA,NA,NA,NA
2153878960,uob,0,1,1,0,0,2,2,NA,NA,3,0,0,0
2153878964,uob,1,1,1,1,1,0,0,2,1,2,1,1,2
2153878987,uob,0,0,0,0,0,0,1,NA,4,4,4,4,4
2153879027,uob,5,5,5,5,5,5,5,4,1,1,0,0,0
2153879029,uob,3,3,2,2,4,4,1,1,4,5,5,4,5
2153879032,uob,0,2,2,1,2,2,3,1,5,5,5,NA,5
2153879034,uob,0,NA,0,0,0,0,2,0,4,4,4,5,5
2153879038,uob,5,3,4,3,5,1,2,2,1,NA,NA,NA,2
2153879040,uob,1,3,0,2,0,0,0,0,3,3,3,3,3
2153879041,uob,0,5,0,5,0,0,5,4,0,0,0,NA,0
2153883766,uob,2,2,2,2,2,2,3,2,3,3,3,3,3
2153884084,uob,0,0,0,0,0,0,0,NA,NA,5,5,5,5
2153889217,uob,NA,NA,NA,NA,NA,NA,NA,NA,NA,NA,0,NA,0
2153902302,ups,1,3,2,4,3,0,1,1
2153907496,ups,0,2,1,1,2,0,1,1
2153907507,ups,0,4,0,1,0,0,0,1
2153907521,ups,0,0,0,0,0,0,0,0
2153907537,ups,0,5,3,0,4,0,5,5
2153907539,ups,5,2,0,2,3,3,0,2
2153907557,ups,2,1,0,0,2,0,0,2
2153935251,uob,NA,NA,NA,NA,NA,NA,NA,NA,NA,NA,NA,NA,NA
2153935257,uob,3,3,4,1,3,3,1,2,NA,NA,5,5,4
2153935262,uob,0,2,1,3,1,2,0,NA,5,5,5,5,5
2153935267,uob,0,3,0,2,0,0,3,NA,3,5,5,4,5
2153935269,uob,4,NA,5,5,5,5,NA,NA,NA,2,0,NA,0
2153935485,ups,1,2,2,1,2,0,2,1
2153935494,ups,NA,NA,NA,NA,NA,NA,NA,0
2153935543,ups,1,3,0,2,0,0,2,NA
2153935556,ups,3,3,3,2,3,3,1,NA
2153935571,ups,2,3,3,2,3,3,2,5
2153935572,ups,2,4,1,5,4,1,NA,NA
2153935606,ups,0,0,0,0,0,NA,2,0
2153935607,ups,2,4,4,3,4,1,2,NA
2153935611,ups,NA,NA,NA,NA,NA,NA,NA,2
2153935654,ups,0,3,0,0,5,0,4,5
2153935655,ups,4,3,2,1,2,2,4,3
2153935662,ups,0,4,0,3,0,0,3,NA
2153935675,ups,1,2,0,3,1,1,1,2
2153935676,ups,NA,NA,NA,NA,NA,NA,NA,NA
2153935699,ups,0,0,0,NA,0,NA,1,NA
2153936963,ups,1,3,1,1,1,0,0,1
2153941128,ups,5,1,5,1,4,1,2,5
2153942120,ups,0,0,0,1,0,0,1,NA
2153942124,ups,3,4,5,2,2,0,4,3
2153942126,ups,NA,1,1,1,NA,1,2,2
2153942134,ups,NA,5,4,0,2,1,2,6
2153942217,ups,0,2,0,0,1,NA,2,NA
2153942221,ups,1,1,0,1,0,0,0,NA
2153942248,ups,0,5,NA,0,5,0,0,NA
2153944030,ups,4,3,5,5,5,0,1,2
2153944232,ups,4,4,3,2,2,0,2,2
2153944250,ups,0,3,0,2,0,0,5,1
2153944255,ups,3,3,3,4,3,2,3,NA
2153944259,ups,1,5,0,2,5,1,1,6
2153944877,uob,0,0,1,0,0,0,1,NA,5,NA,NA,5,5
2153944890,uob,1,1,0,0,0,0,1,NA,3,NA,5,5,5
2153944892,uob,1,2,2,1,1,0,1,0,4,4,0,0,0
2153944897,uob,2,3,2,1,2,3,2,1,2,0,0,0,0
2153949561,uob,0,0,0,0,0,0,1,NA,2,3,2,3,3
2153949570,uob,5,3,5,0,4,0,3,2,1,0,0,0,0
2153956921,uob,3,4,3,5,4,1,4,2,3,4,4,4,3
2153956969,uob,0,0,0,0,0,0,3,0,0,0,0,0,NA
2153956978,uob,3,2,2,2,1,0,1,1,5,5,5,5,5
2153956979,uob,0,2,0,1,0,0,1,NA,1,1,1,1,1
2153956980,uob,3,3,NA,NA,1,NA,NA,NA,0,5,5,5,5
2153956981,uob,0,4,1,2,4,0,2,NA,4,NA,NA,NA,NA
2153956983,uob,NA,NA,NA,NA,NA,NA,NA,NA,NA,NA,NA,NA,NA
2153956984,uob,3,4,2,1,2,0,1,2,4,5,5,5,5
2153956985,uob,3,3,2,0,2,2,2,NA,1,1,NA,NA,1
2153956987,uob,2,3,2,2,2,1,2,NA,4,5,5,5,5
2153956989,uob,1,2,0,1,1,0,1,1,3,NA,4,4,4
2153956991,uob,1,1,1,1,1,3,2,1,0,0,NA,NA,0
2153956992,uob,0,1,0,0,2,0,5,NA,NA,NA,4,4,3
2153956993,uob,1,5,0,1,0,0,5,1,0,0,NA,NA,NA
2153956995,uob,NA,3,3,3,3,4,NA,2,NA,NA,4,NA,NA
2153957206,ups,4,NA,1,NA,3,1,NA,2
2153957207,uob,0,3,0,3,0,0,1,2,NA,NA,NA,NA,NA
2153958457,uob,2,2,2,2,1,0,1,NA,3,0,0,0,0
2153967112,uob,4,4,4,3,3,2,3,3,2,2,2,3,3
2153967115,uob,2,2,2,2,1,2,2,NA,5,5,5,5,5
2153967116,uob,5,5,3,5,3,5,5,NA,3,3,3,4,3
2153967121,uob,5,2,1,3,5,NA,5,3,4,NA,5,NA,5
2153967134,uob,5,NA,NA,NA,NA,3,2,5,3,3,3,5,NA
2153967228,uob,0,2,NA,1,2,0,3,1,0,0,0,0,0
2153967233,uob,1,1,0,2,2,0,1,2,3,0,0,0,0
2153967236,uob,0,0,0,0,0,0,0,NA,0,0,0,NA,0
2153967246,uob,3,3,1,2,2,1,2,2,3,2,3,3,4
2153967283,uob,4,4,3,2,4,2,1,2,5,5,5,5,5
2153967288,uob,3,5,0,2,0,0,2,NA,5,NA,1,5,4
2153968175,uob,0,0,0,2,0,0,1,NA,4,NA,5,5,NA
2153969750,uob,3,4,4,2,4,0,1,2,2,2,2,2,2
2153969753,uob,4,4,NA,4,4,1,2,3,NA,2,2,NA,4
2153969755,uob,0,0,0,0,0,0,1,NA,3,0,0,0,0
2153969759,uob,4,4,4,1,5,3,0,3,2,2,3,2,4
2153970926,uob,5,4,4,0,5,5,5,5,0,0,0,0,0
2153970948,uob,0,1,0,1,0,0,2,1,3,NA,4,4,4
2153971028,uob,3,4,1,2,2,2,5,1,2,2,2,2,2
2153983630,ups,1,2,1,1,0,0,NA,2
2153983632,ups,3,3,2,4,1,0,3,3
2153983639,ups,3,5,2,2,4,2,5,6
2153983642,ups,NA,NA,NA,NA,2,NA,NA,5
2153984309,ups,NA,NA,NA,NA,NA,5,NA,4
2153984326,ups,3,3,3,1,5,2,3,3
2154001773,ups,5,3,1,2,2,0,2,6
2154001803,ups,1,3,1,0,0,0,4,1
2154001808,ups,0,3,1,4,2,0,2,2
2154001846,ups,0,0,0,0,0,0,1,0
2154001848,ups,NA,NA,NA,NA,NA,NA,NA,1
2154002002,ups,0,0,0,0,0,0,0,NA
2154002013,ups,1,2,0,1,1,0,2,NA
2154002014,ups,5,5,NA,NA,NA,NA,4,6
2154003519,ups,NA,NA,3,NA,2,NA,NA,2
2154003667,ups,2,3,3,3,2,1,2,NA
2154003715,ups,NA,NA,NA,NA,NA,NA,NA,1
2154004190,ups,2,3,1,3,0,0,1,NA
2154004195,ups,0,0,0,0,0,0,1,0
2154012318,ups,1,4,3,3,1,1,5,3
2154012329,ups,4,3,0,5,2,0,4,5
2154057349,uob,0,0,0,0,NA,NA,3,NA,1,1,1,1,1
2154057351,uob,4,5,3,4,4,0,5,NA,3,4,NA,NA,NA
2154057364,uob,2,2,1,1,2,0,1,0,3,5,4,4,5
2154057394,uob,0,1,0,0,0,0,1,NA,3,NA,5,5,5
2154060612,uob,5,4,5,0,5,5,2,2,2,1,5,NA,5
2154061092,uob,0,0,0,0,5,0,1,0,1,2,2,3,3
2154061096,uob,3,3,2,1,3,0,2,1,3,3,NA,4,4
2154061098,uob,1,1,1,1,1,0,1,0,NA,NA,NA,NA,5
2154061102,uob,1,NA,NA,NA,5,5,1,1,5,5,NA,5,5
2154061104,uob,NA,NA,NA,NA,NA,NA,NA,NA,NA,0,NA,NA,NA
2154061112,uob,0,0,0,1,0,1,3,1,3,4,4,4,4
2154061118,uob,2,4,2,4,4,1,3,2,0,0,0,0,0
2154061132,uob,0,1,0,0,0,0,3,0,4,4,3,3,4
2154061134,uob,3,4,3,3,3,2,3,1,4,NA,5,5,NA
2154061143,uob,3,3,0,4,4,0,2,2,2,3,3,NA,3
2154070624,uob,NA,NA,NA,NA,NA,NA,NA,NA,1,0,0,0,0
2154070650,uob,1,2,1,1,1,1,2,1,0,0,0,0,0
2154081840,ups,NA,5,0,NA,0,0,4,NA
2154081951,uob,2,2,1,1,1,1,1,1,0,NA,1,NA,NA
2154081953,uob,0,1,0,0,1,1,1,NA,4,5,4,4,NA
2154081955,uob,0,1,0,0,2,1,3,1,5,5,5,5,5
2154081956,uob,1,1,0,1,1,0,1,1,3,NA,5,5,4
2154081957,uob,5,5,5,5,5,0,1,2,1,2,NA,1,4
2154081958,uob,2,3,4,4,3,4,2,1,1,1,1,1,1
2154082066,uob,0,1,1,1,1,0,1,NA,2,2,2,2,2
2154082068,uob,1,2,1,1,0,0,5,1,0,1,1,2,1
2154082072,uob,0,4,0,3,1,0,1,NA,2,4,4,5,5
2154082073,uob,NA,1,0,0,1,0,1,NA,3,3,3,3,3
2154082074,uob,1,2,2,3,1,2,1,1,1,1,1,1,1
2154082078,uob,1,2,3,0,3,0,1,1,5,5,4,4,4
2154084680,ups,4,4,5,5,4,4,3,6
2154086087,ups,0,1,1,NA,0,NA,1,NA
2154086094,ups,0,2,0,0,3,0,NA,NA
2154086117,ups,3,4,3,2,2,0,NA,3
2154086123,ups,1,2,1,3,2,0,1,0
2154117152,uob,3,3,1,1,0,1,1,2,NA,5,5,5,4
2154117160,uob,0,2,0,2,0,0,4,1,3,5,4,5,4
2154117161,uob,3,4,1,3,2,0,4,3,4,4,4,4,5
2154117162,uob,2,2,2,2,2,4,4,NA,NA,NA,NA,NA,NA
2154117163,uob,3,4,2,3,3,0,2,2,4,4,NA,NA,NA
2154117164,uob,0,1,0,0,0,0,1,4,1,3,3,1,2
2154117166,uob,NA,2,2,1,3,3,NA,2,NA,NA,NA,NA,NA
2154117167,uob,3,5,1,5,0,0,3,2,0,0,0,0,0
2154117168,uob,NA,2,5,NA,NA,0,2,0,4,5,5,5,5
2154117169,uob,0,2,0,1,0,0,1,0,NA,3,3,4,3
2154117170,uob,5,3,2,2,4,0,5,2,1,0,0,0,0
2154117172,uob,1,1,1,2,3,NA,2,1,1,1,1,1,2
2154117173,uob,2,2,3,1,3,0,1,1,NA,1,NA,1,2
2154117175,uob,3,2,1,3,0,0,2,NA,3,3,4,4,NA
2154117176,uob,2,2,0,0,2,0,1,0,NA,NA,NA,NA,NA
2154117212,uob,3,2,NA,0,4,0,1,1,2,0,0,0,0
2154118267,uob,0,0,0,0,0,0,0,NA,5,NA,5,5,5
2154118495,uob,1,3,3,0,2,1,2,1,3,3,NA,3,4
2154118496,uob,0,0,NA,0,0,0,0,2,NA,NA,NA,NA,NA
2154118498,uob,5,5,5,5,5,5,5,5,NA,NA,0,NA,NA
2154118608,ups,5,3,1,1,1,0,4,3
2154118614,ups,4,5,4,4,3,1,5,4
2154118629,ups,NA,NA,NA,NA,NA,NA,2,3
2154118642,ups,NA,2,NA,1,0,NA,3,1
2154118645,ups,0,0,0,0,NA,0,0,1
2154125175,ups,0,NA,NA,NA,NA,NA,0,3
2154143291,uob,2,5,3,5,4,5,3,4,NA,NA,NA,2,NA
2154143293,uob,1,1,0,1,2,2,5,2,3,NA,NA,NA,NA
2154143298,uob,1,3,0,0,0,0,1,0,2,NA,NA,2,3
2154143299,uob,5,4,5,5,2,NA,5,3,0,0,NA,NA,NA
2154144425,uob,0,0,0,0,0,0,0,3,0,0,NA,0,0
2154144432,uob,0,2,1,1,1,2,1,1,2,NA,NA,NA,NA
2154144438,uob,2,5,3,4,2,3,4,4,NA,NA,NA,NA,NA
2154144439,uob,2,1,1,1,4,0,1,2,4,5,5,5,5
2154144440,uob,1,1,1,1,1,1,1,0,3,4,3,3,4
2154144442,uob,5,3,1,1,0,0,2,NA,4,4,4,4,4
2154144502,uob,0,1,1,0,0,0,NA,NA,3,NA,NA,NA,NA
2154144508,uob,1,1,1,0,1,0,0,NA,5,5,5,5,5
2154144512,uob,0,2,1,0,0,0,3,NA,NA,0,0,0,0
2154144518,uob,0,1,1,0,1,0,5,NA,5,NA,5,5,5
2154144521,uob,1,3,NA,2,NA,NA,1,0,NA,NA,NA,NA,NA
2154151110,ups,0,2,0,0,0,0,2,0
2154151120,ups,0,0,0,0,0,0,1,0
2154166913,ups,5,3,2,2,2,0,4,1
2154166923,ups,0,0,0,0,0,0,2,1
2154166925,ups,1,2,2,1,3,0,5,3
2154172381,ups,0,1,0,0,2,0,1,1
2154172383,ups,NA,NA,NA,NA,NA,NA,NA,NA
2154172384,ups,0,0,1,0,0,1,1,0
2154174677,ups,1,1,1,1,3,4,2,1
2154174832,ups,0,3,0,2,3,0,2,2
2154175043,ups,0,2,1,0,2,0,4,2
2154175119,ups,0,4,1,1,3,NA,3,3
2154176082,ups,0,0,0,0,0,0,1,2
2154186989,uob,0,0,0,1,1,3,3,NA,5,5,5,5,5
2154199326,ups,0,0,0,0,0,0,1,0
2154199349,ups,0,3,0,5,0,0,2,2
2154199353,ups,1,3,1,1,1,1,NA,2
2154205709,uob,1,1,1,1,2,1,1,1,2,3,3,3,3
2154207762,uob,1,1,0,2,2,0,2,0,3,3,4,4,5
2154207775,uob,5,2,4,4,1,0,3,3,NA,NA,NA,NA,NA
2154207777,uob,0,0,NA,NA,NA,NA,NA,NA,2,0,0,0,0
2154207778,uob,NA,NA,0,1,0,0,2,NA,4,5,5,5,5
2154208092,uob,5,3,3,3,3,3,3,3,0,NA,NA,NA,NA
2154208094,uob,1,1,0,0,0,0,1,1,2,5,NA,NA,NA
2154208095,uob,1,2,0,0,0,0,2,NA,NA,0,0,0,0
2154208100,uob,0,1,0,0,0,0,0,NA,3,5,5,NA,5
2154208105,uob,0,5,NA,2,4,0,3,4,1,1,1,1,1
2154208112,uob,0,1,1,1,2,2,1,1,0,0,0,0,0
2154208119,uob,1,1,0,1,2,1,2,NA,0,0,0,0,NA
2154208120,uob,3,3,2,4,3,2,2,2,3,NA,2,3,4
2154208132,uob,2,0,0,0,1,0,1,2,4,5,5,NA,5
2154218060,ups,0,1,0,0,1,0,3,1
2154218077,ups,4,2,3,1,1,3,2,NA
2154226512,uob,1,1,0,0,0,0,1,0,NA,NA,NA,NA,NA
2154227236,ups,3,3,0,3,4,1,4,3
2154229432,uob,1,2,2,1,3,NA,2,NA,5,5,5,NA,5
2154229508,uob,2,3,3,3,4,2,5,2,3,3,2,NA,4
2154256587,ups,0,3,0,0,1,0,2,2
2154267572,ups,NA,2,NA,2,NA,0,2,2
2154274117,uob,4,5,4,4,1,1,5,5,NA,NA,NA,NA,NA
2154274119,uob,1,4,1,4,4,0,2,2,3,4,5,5,4
2154274120,uob,1,0,3,0,3,0,1,1,3,NA,NA,5,NA
2154274126,uob,5,5,2,4,1,0,3,3,3,4,3,NA,3
2154274127,uob,0,0,2,0,0,0,1,0,2,2,2,3,2
2154274129,uob,NA,NA,NA,NA,NA,NA,NA,NA,1,NA,NA,NA,NA
2154274130,uob,1,1,3,2,1,5,5,1,0,NA,1,NA,4
2154274132,uob,3,4,1,3,2,3,3,1,NA,NA,NA,NA,NA
2154274135,uob,1,3,1,1,1,0,3,1,3,4,3,4,NA
2154274136,uob,1,2,1,1,1,1,4,1,3,2,2,NA,NA
2154274139,uob,0,NA,0,NA,0,0,0,3,NA,0,0,0,0
2154274140,uob,3,4,2,5,1,0,3,5,1,1,1,1,1
2154274141,uob,NA,3,1,1,2,0,1,0,4,5,5,NA,5
2154274142,uob,2,5,4,3,5,3,5,3,3,3,4,4,3
2154274143,uob,5,NA,3,5,5,0,NA,2,1,NA,NA,NA,0
2154274145,uob,0,0,NA,NA,0,NA,0,NA,0,5,5,5,5
2154274146,uob,1,2,0,1,3,0,3,3,1,NA,2,NA,3
2154274148,uob,1,1,0,0,0,0,3,0,NA,NA,NA,NA,NA
2154274150,uob,1,0,3,NA,1,1,NA,NA,3,2,3,4,5
2154274151,uob,0,1,1,1,NA,1,1,0,NA,NA,NA,NA,NA
2154305350,ups,0,5,1,1,2,2,4,3
2154305375,ups,NA,3,3,4,1,0,2,3
2154311504,ups,3,2,2,4,5,1,3,4
2154311511,ups,0,2,3,1,1,0,3,2
2154317423,ups,4,4,3,2,4,4,3,2
2154317563,ups,0,NA,NA,NA,NA,NA,NA,0
2154317564,ups,NA,NA,NA,NA,NA,NA,NA,NA
2154317567,ups,0,3,1,0,2,2,2,NA
2154317574,ups,0,2,1,1,0,0,1,NA
2154317576,ups,0,3,2,1,0,0,2,2
2154317580,ups,1,1,0,0,0,0,2,NA
2154317582,ups,NA,NA,NA,NA,NA,NA,NA,0
2154317583,ups,NA,5,1,4,NA,1,4,3
2154317589,ups,0,3,0,1,0,0,3,NA
2154317691,uob,1,1,0,0,1,0,2,0,2,2,3,3,2
2154317695,uob,1,2,1,1,1,0,1,1,4,5,5,5,5
2154317697,uob,0,0,0,0,0,0,2,NA,NA,NA,NA,NA,NA
2154317698,uob,0,2,0,0,0,0,2,NA,0,1,0,0,0
2154317717,uob,0,3,0,2,1,NA,1,NA,4,5,NA,NA,NA
2154317719,uob,2,2,1,1,1,0,2,1,NA,NA,NA,NA,NA
2154317720,uob,0,0,0,0,0,0,0,NA,4,4,4,4,5
2154317721,uob,4,4,1,4,4,2,3,1,2,4,4,4,4
2154317723,uob,1,3,3,0,3,0,0,1,4,4,5,5,5
2154317724,uob,1,1,0,3,0,0,2,3,1,0,0,0,0
2154317725,uob,0,3,1,0,2,1,1,1,0,1,1,1,3
2154317726,uob,1,0,0,1,0,0,5,NA,NA,NA,2,2,2
2154317849,uob,0,0,0,0,0,0,0,NA,NA,NA,NA,5,5
2154317850,uob,0,NA,NA,3,1,0,1,NA,0,0,0,0,0
2154317855,uob,0,4,1,2,0,0,1,0,5,5,5,5,5
2154317856,uob,1,NA,NA,1,1,0,2,2,4,0,0,0,0
2154317857,uob,3,3,2,0,2,0,2,2,4,5,5,5,5
2154317860,uob,1,1,2,0,2,0,2,NA,3,3,4,NA,4
2154317861,uob,2,3,1,2,1,0,2,0,5,5,5,5,5
2154317862,uob,2,2,1,1,1,0,2,1,2,2,2,5,4
2154317864,uob,0,1,1,0,1,0,3,NA,4,5,5,5,5
2154317865,uob,0,0,0,1,0,0,0,NA,5,5,5,5,5
2154318132,uob,0,3,1,5,2,0,2,1,3,3,2,NA,4
2154318134,uob,1,1,0,1,1,1,3,1,2,0,0,0,0
2154318136,uob,1,5,1,1,2,1,5,2,1,1,1,1,2
2154320219,ups,NA,NA,4,NA,NA,NA,NA,2
2154320445,ups,4,1,3,5,5,3,5,2
2154320583,ups,0,0,1,1,0,0,1,1
2154324800,ups,4,4,NA,NA,NA,NA,NA,3
2154324809,ups,5,4,1,2,1,0,1,3
2154324900,ups,0,5,2,0,5,0,4,2
2154324936,ups,3,3,2,1,4,0,4,3
2154324940,ups,5,1,0,1,1,0,1,0
2154324944,ups,1,0,1,0,1,0,1,1
2154324948,ups,1,3,0,0,2,0,1,4
2154328621,ups,0,0,0,1,1,0,NA,1
2154328627,ups,1,1,1,3,3,0,2,2
2154330666,ups,NA,NA,NA,NA,NA,NA,NA,1
2154335537,uob,0,0,0,1,1,0,0,NA,1,0,0,0,0
2154335540,uob,0,2,2,2,1,0,0,1,2,2,3,3,3
2154335541,uob,0,1,0,0,0,0,2,NA,1,1,0,0,0
2154335543,uob,3,2,4,1,3,1,3,2,0,1,0,NA,0
2154335544,uob,3,4,0,1,2,0,2,2,4,5,5,5,5
2154335545,uob,0,0,0,0,0,0,1,NA,5,5,5,5,5
2154335546,uob,2,4,1,4,1,0,2,3,0,0,0,0,0
2154335547,uob,0,0,0,0,0,0,0,NA,0,NA,0,0,0
2154335548,uob,0,3,NA,0,NA,0,NA,NA,5,5,5,5,5
2154335550,uob,5,5,5,5,5,5,5,4,NA,NA,NA,NA,NA
2154344539,ups,3,5,1,2,2,0,3,3
2154362929,uob,NA,4,2,3,NA,NA,4,NA,NA,NA,NA,NA,NA
2154362935,uob,4,4,4,4,4,3,5,2,1,0,0,0,0
2154362948,uob,NA,NA,NA,NA,NA,NA,NA,NA,NA,NA,NA,NA,NA
2154362950,uob,2,3,2,3,2,2,5,3,5,NA,0,5,5
2154362951,uob,0,0,0,2,0,0,2,1,3,5,5,5,5
2154362957,uob,3,2,0,4,2,0,2,5,0,0,0,0,0
2154362958,uob,0,0,0,0,0,0,1,NA,NA,NA,NA,NA,NA
2154362959,uob,1,4,0,3,0,0,5,2,NA,2,2,2,3
2154362962,uob,0,NA,0,1,0,NA,1,NA,NA,NA,NA,NA,0
2154362963,uob,NA,5,3,NA,5,4,2,NA,NA,NA,NA,NA,NA
2154363076,ups,3,2,1,4,5,0,2,3
2154363077,ups,5,5,5,5,5,5,3,3
2154363078,ups,3,3,0,4,3,3,2,NA
2154363082,ups,0,NA,NA,NA,1,0,0,2
2154363196,ups,1,3,1,2,2,1,3,2
2154363198,ups,1,2,0,1,0,0,2,0
2154363211,ups,NA,NA,NA,NA,NA,NA,NA,NA
2154363319,ups,1,1,1,1,1,0,3,1
2154363327,ups,1,2,2,2,1,1,3,NA
2154363332,ups,5,5,5,5,3,5,4,5
2154363336,ups,1,1,1,1,1,1,2,3
2154363339,ups,1,2,1,1,2,1,1,NA
2154363346,ups,1,1,1,1,0,0,1,NA
2154363347,ups,0,1,0,0,1,0,2,2
2154363353,ups,1,0,0,0,1,0,0,2
2154363356,ups,2,3,2,NA,4,2,3,3
2154363358,ups,2,2,2,2,3,0,1,2
2154363360,ups,0,NA,NA,NA,NA,NA,NA,1
2154363361,ups,2,5,3,5,1,0,4,6
2154363365,ups,1,NA,1,1,0,0,0,1
2154363366,ups,2,3,3,3,3,1,NA,NA
2154363367,ups,1,1,0,0,NA,0,1,2
2154363368,ups,1,2,2,1,2,0,2,2
2154363371,ups,1,2,2,4,4,1,1,2
2154363372,ups,1,4,0,2,1,0,NA,5
2154368596,ups,2,3,2,1,4,1,3,2
2154368605,ups,2,2,2,1,2,1,1,1
2154368608,ups,1,1,0,1,2,0,1,0
2154368613,ups,2,3,NA,3,2,3,NA,3
2154368621,ups,3,2,2,1,4,0,3,NA
2154368631,ups,NA,NA,NA,NA,4,0,NA,NA
2154368657,ups,1,2,1,2,1,0,2,1
2154368673,ups,3,2,4,3,4,5,1,5
2154368681,ups,0,0,0,0,0,0,2,0
2154368805,ups,0,2,1,1,2,0,3,NA
2154368810,ups,NA,4,2,4,5,4,2,6
2154368821,ups,1,2,1,4,1,0,1,1
2154368839,ups,NA,NA,NA,NA,NA,NA,NA,2
2154368843,ups,1,1,3,0,0,0,1,NA
2154368852,ups,1,4,3,4,4,NA,NA,1
2154377021,uob,1,2,2,0,3,NA,3,2,1,1,1,1,1
2154377025,uob,3,2,0,5,2,0,2,NA,3,NA,NA,4,3
2154377029,uob,0,1,1,1,NA,0,1,2,5,5,5,5,5
2154377032,uob,1,1,1,0,0,0,1,0,5,5,5,5,5
2154377081,uob,2,2,2,1,3,2,3,3,2,3,3,4,4
2154377326,uob,NA,NA,NA,NA,NA,NA,NA,NA,NA,NA,NA,NA,NA
2154377559,uob,1,2,2,2,0,2,3,1,NA,NA,NA,NA,NA
2154377564,uob,0,0,0,NA,0,0,5,NA,NA,NA,NA,NA,NA
2154382463,uob,0,2,1,1,2,0,2,NA,3,5,5,5,0
2154382464,uob,1,2,1,0,1,0,2,0,4,4,3,3,5
2154382468,uob,3,4,3,3,1,0,1,NA,NA,NA,NA,5,NA
2154382470,uob,0,3,3,0,3,NA,4,3,4,5,3,NA,4
2154382472,uob,0,1,1,0,1,0,0,1,NA,NA,5,5,5
2154382474,uob,0,0,0,0,0,0,NA,NA,5,NA,NA,5,5
2154382480,uob,4,NA,3,2,4,3,4,3,NA,4,3,3,2
2154382486,uob,0,1,0,1,NA,0,5,1,NA,NA,NA,NA,NA
2154382489,uob,3,5,1,5,0,0,5,2,0,0,0,0,0
2154382494,uob,0,1,0,0,1,0,1,NA,3,3,3,4,4
2154383345,uob,5,3,5,0,3,3,2,2,3,5,5,4,5
2154392325,uob,NA,NA,NA,NA,NA,NA,NA,NA,NA,NA,NA,NA,NA
2154399654,ups,1,3,1,1,1,1,3,3
2154399674,ups,5,2,1,0,3,2,5,2
2154409696,ups,0,2,0,0,1,0,1,1
2154409703,ups,3,3,3,3,3,1,3,3
2154421204,uob,0,0,0,1,0,0,0,NA,2,1,0,0,0
2154421208,uob,1,5,0,0,5,0,0,1,0,1,1,1,2
2154421209,uob,0,2,0,1,0,0,0,NA,1,NA,NA,NA,NA
2154421212,uob,3,3,3,1,5,2,2,1,3,4,NA,4,5
2154421214,uob,2,2,3,1,3,0,2,2,3,3,4,4,0
2154421215,uob,3,5,0,NA,1,0,3,2,NA,1,NA,NA,NA
2154421218,uob,0,1,0,0,0,0,2,1,1,2,2,NA,3
2154421225,uob,2,0,1,1,0,0,1,1,1,1,1,1,1
2154421227,uob,5,4,4,0,3,5,2,NA,NA,NA,NA,NA,0
2154421228,uob,0,0,0,0,0,0,0,NA,3,3,3,4,4
2154421229,uob,1,1,0,0,0,0,0,NA,NA,NA,NA,NA,NA
2154421231,uob,1,2,2,1,1,0,1,0,NA,3,NA,4,NA
2154421232,uob,2,2,1,2,1,1,4,1,NA,0,NA,0,0
2154421602,uob,0,0,0,1,1,0,0,1,5,5,5,5,5
2154421603,uob,0,3,5,0,4,0,0,2,4,5,5,4,5
2154421605,uob,2,4,3,2,4,2,3,2,4,5,5,5,5
2154421608,uob,3,3,3,2,3,0,1,3,NA,1,NA,1,NA
2154421649,uob,2,3,3,2,2,NA,3,2,1,0,0,0,0
2154421654,uob,0,0,0,0,4,0,1,0,5,5,5,5,5
2154421657,uob,3,4,2,2,4,0,2,1,4,5,5,NA,5
2154421690,ups,4,3,0,0,0,0,1,3
2154428571,ups,0,1,0,0,0,0,0,NA
2154431914,ups,3,3,4,2,NA,4,3,3
2154433761,ups,0,1,0,5,0,0,1,0
2154467950,uob,2,0,1,0,0,0,1,NA,0,0,0,NA,0
2154467956,uob,0,0,0,0,NA,0,1,NA,NA,NA,NA,NA,NA
2154467958,uob,1,2,1,1,2,0,NA,0,5,5,5,4,4
2154467964,uob,5,2,4,1,4,3,5,1,0,0,0,0,0
2154467967,uob,0,1,0,2,0,0,3,1,0,0,0,0,0
2154469322,uob,3,2,3,2,2,3,1,3,1,1,2,3,3
2154469325,uob,1,1,0,1,1,0,1,0,4,5,5,4,5
2154469338,uob,1,2,1,3,3,0,1,1,NA,NA,NA,NA,NA
2154471114,uob,0,0,0,0,0,0,0,NA,5,5,5,5,5
2154471116,uob,NA,NA,NA,NA,NA,NA,NA,NA,NA,NA,NA,NA,NA
2154471117,uob,NA,NA,NA,NA,NA,NA,NA,NA,NA,NA,NA,NA,NA
2154471119,uob,4,4,5,3,3,0,3,4,1,1,1,1,2
2154471122,uob,0,3,4,0,2,0,3,3,0,NA,NA,NA,NA
2154471126,uob,2,2,1,0,1,0,1,1,0,0,NA,NA,0
2154471129,uob,0,0,0,0,0,0,1,0,0,0,0,0,0
2154471176,ups,NA,NA,1,NA,NA,1,NA,NA
2154471183,ups,0,1,0,0,4,0,0,3
2154471184,ups,3,5,2,5,3,1,3,NA
2154471220,uob,NA,NA,5,5,5,5,NA,4,NA,NA,NA,NA,NA
2154471221,uob,5,3,3,4,1,0,2,3,0,0,0,0,0
2154471222,uob,1,1,1,1,2,1,3,1,3,3,3,0,1
2154471223,uob,0,0,0,0,NA,0,1,NA,3,NA,NA,NA,NA
2154491298,ups,3,5,2,5,3,1,3,NA
2154503717,ups,0,0,0,NA,0,0,1,1
2154503728,ups,2,2,2,1,1,1,3,3
2154503747,ups,3,3,3,2,4,3,4,3
2154503748,ups,0,0,0,0,0,0,0,NA
2154504021,uob,2,2,2,1,2,2,3,1,2,1,1,1,3
2154512521,ups,1,2,1,1,2,1,0,2
2154521760,ups,0,2,0,0,1,0,3,3
2154521772,ups,1,0,0,2,1,0,0,0
2154521778,ups,0,0,0,0,0,0,NA,NA
2154521803,ups,0,NA,0,NA,2,1,3,NA
2154521815,ups,1,4,0,1,0,0,3,4
2154527657,uob,3,4,3,1,2,1,5,2,3,5,5,5,5
2154527658,uob,0,0,0,0,0,0,NA,NA,3,0,0,0,0
2154527659,uob,0,0,0,0,0,0,3,1,1,0,0,0,0
2154527662,uob,0,0,0,0,0,0,1,NA,5,5,5,5,5
2154527663,uob,2,3,3,1,4,2,1,2,4,4,5,5,5
2154527664,uob,0,0,0,0,0,0,1,NA,1,0,0,0,0
2154527666,uob,0,1,0,0,0,0,1,NA,NA,3,4,4,4
2154527669,uob,1,1,0,0,3,0,1,1,3,3,2,2,3
2154527672,uob,0,3,1,1,1,0,3,1,3,4,4,5,4
2154527674,uob,1,1,2,1,1,0,1,0,4,4,4,4,5
2154527675,uob,2,5,0,5,2,3,1,1,1,NA,NA,NA,NA
2154527676,uob,1,1,1,1,1,0,1,1,NA,NA,NA,NA,NA
2154527679,uob,0,2,1,0,2,0,1,0,NA,NA,NA,5,NA
2154527681,uob,0,3,0,2,1,0,2,NA,2,2,2,2,3
2154527682,uob,NA,2,3,2,3,1,3,1,NA,NA,NA,NA,NA
2154527684,uob,0,0,0,0,0,0,1,NA,3,4,4,4,4
2154527685,uob,2,2,3,2,3,1,2,1,NA,NA,NA,NA,NA
2154527686,uob,NA,5,4,NA,NA,5,NA,5,1,1,NA,1,1
2154527689,uob,2,2,0,0,0,0,2,0,4,4,4,4,5
2154529168,uob,0,2,0,3,0,0,4,2,NA,NA,0,NA,NA
2154533758,uob,1,1,1,1,1,1,3,2,0,0,0,0,0
2154533760,uob,5,5,4,5,5,3,5,4,1,0,0,0,0
2154533761,uob,3,3,3,2,4,3,2,3,3,4,NA,NA,NA
2154533762,uob,0,2,0,1,0,0,2,3,3,3,3,4,5
2154533764,uob,2,2,2,2,3,2,1,1,3,4,3,4,3
2154536292,ups,1,1,0,0,2,0,1,1
2154536298,ups,NA,NA,NA,NA,NA,NA,NA,NA
2154536300,ups,0,0,0,0,0,0,1,0
2154536304,ups,NA,NA,NA,NA,NA,NA,NA,NA
2154536337,ups,NA,NA,NA,NA,NA,NA,NA,NA
2154536343,ups,0,3,0,0,2,0,3,2
2154536347,ups,3,4,2,1,NA,NA,3,NA
2154536350,ups,0,1,0,0,1,1,2,2
2154536499,ups,2,5,1,1,1,0,3,5
2154565644,uob,2,3,5,3,5,0,4,2,4,NA,5,5,NA
2154565650,uob,NA,4,5,4,5,5,4,4,NA,NA,NA,NA,NA
2154565656,uob,0,0,0,0,0,0,1,0,2,NA,5,4,4
2154571330,uob,3,2,3,1,3,3,3,3,3,4,NA,NA,0
2154571334,uob,3,3,2,1,1,0,1,1,2,0,0,0,0
2154571345,uob,0,1,0,1,0,0,2,0,2,2,2,NA,3
2154571347,uob,4,4,2,2,1,2,2,2,NA,2,1,NA,NA
2154571354,uob,0,0,0,0,0,0,3,2,1,0,0,0,0
2154571357,uob,1,3,3,NA,2,3,5,2,NA,NA,NA,NA,NA
2154571363,uob,2,4,0,4,0,0,4,3,NA,1,0,0,0
2154571365,uob,0,1,0,2,0,0,2,1,1,3,3,3,3
2154574719,uob,0,0,1,0,NA,0,0,1,0,NA,2,2,NA
2154574727,uob,0,1,0,0,2,0,2,1,0,5,4,4,5
2154574730,uob,2,3,2,1,1,1,1,2,NA,NA,NA,NA,4
2154574736,uob,0,1,0,0,1,0,1,1,1,2,0,0,0
2154574800,uob,0,2,0,0,0,0,1,NA,2,3,5,4,5
2154574808,uob,1,2,2,3,1,0,5,3,0,0,0,0,0
2154574813,uob,0,0,0,NA,NA,0,NA,NA,NA,NA,NA,NA,NA
2154574818,uob,0,1,1,0,0,0,1,0,4,5,5,5,2
2154574822,uob,0,0,1,0,1,0,0,NA,4,5,4,5,4
2154574826,uob,0,2,0,3,2,0,1,NA,NA,NA,NA,NA,NA
2154577706,ups,5,5,5,5,5,5,5,6
2154580468,uob,3,4,2,1,1,0,3,2,2,0,0,0,NA
2154580472,uob,0,4,4,5,0,0,2,5,0,0,NA,NA,0
2154580478,uob,3,5,NA,1,4,0,3,3,1,NA,NA,0,0
2154591687,ups,0,NA,0,0,NA,NA,2,NA
2154596350,uob,0,3,0,0,0,0,3,NA,0,0,0,0,0
2154596357,uob,0,1,1,0,0,0,1,1,1,1,1,1,1
2154596360,uob,0,0,NA,NA,NA,NA,NA,NA,NA,NA,NA,NA,NA
2154596366,uob,NA,1,2,3,2,0,0,1,1,0,0,0,0
2154596379,uob,0,0,0,0,0,0,0,NA,0,0,0,0,0
2154596381,uob,0,0,0,0,0,0,1,NA,4,5,5,5,5
2154596384,uob,1,5,0,5,1,0,1,3,5,0,0,0,0
2154616693,ups,1,2,1,2,1,0,2,1
2154616749,ups,NA,1,5,2,0,0,NA,3
2154617888,uob,0,0,0,0,0,0,1,0,3,5,5,5,5
2154626068,ups,0,1,1,1,1,0,3,2
2154626073,ups,1,1,1,1,1,1,2,2
2154630554,ups,2,1,1,0,1,1,NA,NA
2154630576,ups,5,5,5,5,5,4,5,5
2154634688,uob,1,2,1,1,2,0,3,0,NA,NA,4,NA,4
2154634691,uob,0,0,0,0,0,0,1,1,0,1,2,3,4
2154634759,uob,2,2,1,2,1,0,3,0,NA,NA,NA,NA,NA
2154634776,uob,4,3,5,3,2,0,1,0,0,0,0,0,0
2154647515,uob,1,2,1,1,4,NA,1,2,0,NA,NA,NA,NA
2154662455,uob,1,5,3,5,3,0,4,2,NA,NA,0,0,0
2154662580,uob,2,NA,4,5,0,0,4,1,4,4,4,4,3
2154671308,uob,2,4,3,5,5,4,4,4,0,0,1,1,1
2154671311,uob,2,3,2,3,1,0,2,3,0,1,0,0,0
2154671313,uob,0,1,0,0,0,0,1,NA,4,NA,NA,NA,NA
2154671314,uob,0,0,4,0,2,2,1,1,NA,NA,5,3,2
2154671315,uob,0,0,0,0,0,0,0,NA,4,5,5,5,5
2154671321,uob,1,1,0,0,1,0,3,0,3,2,2,2,2
2154671323,uob,0,3,1,3,0,0,3,1,4,NA,NA,0,0
2154671325,uob,4,2,4,2,3,4,2,1,NA,NA,NA,NA,NA
2154678027,uob,1,1,1,0,1,1,1,0,0,0,NA,0,0
2154678029,uob,NA,NA,NA,NA,NA,NA,NA,NA,NA,NA,NA,NA,NA
2154678032,uob,0,2,5,4,3,5,3,2,0,0,0,0,0
2154678034,uob,1,1,1,0,1,0,5,2,NA,NA,NA,NA,NA
2154678036,uob,1,2,2,NA,1,0,2,1,0,NA,2,NA,4
2154678038,uob,3,1,1,1,1,0,3,0,NA,NA,NA,NA,NA
2154678040,uob,0,1,0,0,0,0,0,1,3,0,0,0,0
2154678042,uob,5,4,2,NA,NA,0,3,3,0,0,0,0,0
2154678049,uob,3,3,2,1,2,1,2,0,3,NA,3,4,4
2154678052,uob,4,5,4,4,4,4,3,3,2,1,1,1,3
2154678054,uob,0,1,0,0,2,1,1,0,2,2,NA,NA,NA
2154678057,uob,2,3,3,3,4,3,2,3,2,NA,2,4,2
2154678062,uob,0,0,0,5,5,5,0,2,1,2,NA,NA,NA
2154678064,uob,0,1,0,0,0,0,2,0,NA,3,3,4,2
2154679528,ups,0,0,0,0,1,0,1,1
2154679535,ups,2,1,1,0,2,0,3,3
2154682924,uob,4,5,3,5,4,0,0,4,0,0,0,NA,0
2154682929,uob,0,1,0,0,0,0,4,NA,3,4,4,4,4
2154682954,uob,0,3,0,0,2,0,2,0,3,4,4,NA,4
2154682957,uob,5,0,1,1,0,1,1,1,1,2,2,3,1
2154682960,uob,1,2,4,0,5,1,2,2,0,4,4,3,NA
2154701563,uob,0,1,5,0,1,0,2,NA,1,0,0,0,0
2154701675,uob,0,0,0,0,0,0,2,0,NA,NA,NA,NA,NA
2154715353,ups,NA,NA,NA,NA,NA,NA,NA,1
2154715356,ups,1,0,0,1,0,0,2,1
2154715357,ups,1,2,2,2,1,0,2,4
2154717341,ups,0,4,0,4,0,0,1,NA
2154717345,ups,0,1,0,0,0,0,2,0
2154717348,ups,0,0,0,0,0,0,0,2
2154719030,uob,NA,NA,NA,NA,NA,NA,NA,NA,NA,NA,NA,NA,NA
2154719031,uob,3,4,3,4,5,0,4,3,1,1,0,0,0
2154719033,uob,0,0,0,0,0,0,NA,NA,NA,NA,4,5,5
2154720363,uob,1,1,1,0,1,0,2,NA,4,0,0,0,0
2154720364,uob,2,5,4,2,NA,5,5,NA,NA,NA,NA,0,NA
2154720366,uob,0,0,0,0,0,0,0,4,NA,NA,NA,NA,NA
2154720369,uob,1,1,1,0,1,0,2,1,4,5,0,0,0
2154720370,uob,0,0,0,0,0,0,0,1,2,2,2,2,2
2154720371,uob,0,0,0,0,0,0,3,1,2,2,3,4,4
2154727202,uob,0,0,0,0,0,0,3,1,NA,NA,NA,NA,NA
2154738019,ups,0,2,1,NA,1,0,2,2
2154738032,ups,0,2,NA,0,NA,0,0,NA
2154738043,ups,1,2,2,2,2,2,3,2
2154738051,ups,2,3,3,3,4,2,3,3
2154738055,ups,1,3,0,1,3,0,5,2
2154740258,uob,2,2,2,2,NA,0,1,2,3,4,4,NA,4
2154745664,uob,1,2,2,0,NA,0,1,1,2,2,3,4,4
2154745680,uob,1,5,1,0,2,0,2,3,1,1,0,0,0
2154745691,uob,0,1,0,0,0,0,2,NA,5,NA,NA,NA,5
2154745695,uob,0,0,0,0,0,0,0,NA,NA,NA,NA,4,NA
2154745701,uob,1,3,1,3,5,2,4,1,NA,0,0,0,0
2154745709,uob,1,3,1,2,0,0,3,1,NA,NA,NA,NA,NA
2154763895,ups,4,4,4,2,2,2,4,4
2154763926,ups,0,0,0,0,0,0,0,0
2154783015,uob,2,1,1,1,2,0,5,3,2,3,0,0,0
2154783018,uob,2,4,0,2,NA,0,3,1,0,0,0,0,0
2154783020,uob,1,1,2,0,2,0,1,NA,5,5,5,5,5
2154783022,uob,0,0,0,0,0,0,0,NA,5,5,5,5,5
2154783027,uob,0,1,0,1,0,0,1,NA,1,0,0,0,0
2154783029,uob,0,0,0,2,0,0,1,1,0,0,0,NA,0
2154791571,ups,1,1,0,1,1,1,1,2
2154791578,ups,5,4,0,0,3,0,2,0
2154791609,ups,0,4,0,3,4,0,3,2
2154791613,ups,1,1,1,1,1,0,2,1
2154793880,ups,0,0,0,0,0,0,1,1
2154794677,uob,1,1,1,0,1,0,2,1,3,0,0,0,0
2154794687,uob,3,3,0,5,1,0,2,1,3,1,0,0,0
2154794694,uob,0,2,0,0,0,0,2,1,4,5,5,NA,5
2154794697,uob,5,5,5,5,5,0,5,5,5,NA,NA,NA,NA
2154794700,uob,1,0,1,2,2,0,3,1,NA,NA,4,NA,5
2154794702,uob,1,3,1,0,1,0,1,1,3,5,5,4,5
2154794707,uob,0,3,1,1,4,2,1,2,0,1,1,1,2
2154794786,uob,0,1,0,0,0,0,1,0,5,5,5,5,5
2154794788,uob,1,1,0,0,0,0,1,1,4,5,4,4,3
2154794791,uob,4,5,5,3,5,5,1,2,2,2,2,2,2
2154794794,uob,2,1,1,0,1,0,0,0,NA,NA,NA,NA,NA
2154794797,uob,3,4,3,4,5,0,5,3,2,2,1,1,2
2154794802,uob,0,5,3,0,3,0,4,0,NA,NA,NA,NA,NA
2154794813,uob,0,1,1,0,0,0,1,0,0,NA,0,NA,0
2154794927,uob,3,3,2,NA,NA,NA,NA,NA,NA,NA,NA,NA,NA
2154794934,uob,1,3,0,3,1,1,3,2,1,0,1,0,0
2154796068,uob,4,5,4,2,2,0,1,5,NA,1,1,0,0
2154796070,uob,2,3,2,2,3,0,2,1,4,5,4,4,5
2154796072,uob,0,1,1,0,0,0,NA,0,5,NA,5,5,5
2154796074,uob,5,5,2,1,2,2,5,2,2,3,3,3,3
2154796078,uob,4,2,2,2,3,0,1,1,3,3,3,4,3
2154796080,uob,1,1,4,0,2,0,1,1,1,1,1,3,1
2154796082,uob,0,1,0,1,1,0,1,NA,2,3,3,NA,4
2154796084,uob,0,1,1,0,1,0,2,NA,1,5,5,5,NA
2154796088,uob,0,3,0,2,0,0,1,1,NA,NA,NA,NA,NA
2154796092,uob,0,2,2,0,0,0,1,NA,5,NA,5,5,5
2154803895,uob,0,1,0,0,0,0,1,NA,NA,5,5,5,5
2154803898,uob,5,2,1,1,2,0,1,NA,5,NA,4,5,5
2154803902,uob,5,3,5,5,5,NA,NA,5,NA,5,5,5,5
2154803903,uob,4,4,3,3,3,4,1,3,2,2,2,3,2
2154803906,uob,0,0,0,0,0,0,0,NA,5,5,5,NA,NA
2154803911,uob,0,4,1,0,0,0,1,NA,2,NA,NA,NA,NA
2154803912,uob,2,3,2,1,3,1,1,NA,NA,2,3,2,2
2154810231,ups,2,2,2,1,2,2,2,3
2154810233,ups,1,4,1,0,0,0,NA,3
2154818029,ups,5,3,5,1,5,4,3,NA
2154843873,uob,0,0,0,0,0,0,2,NA,4,5,5,NA,5
2154848592,ups,2,3,2,2,NA,2,3,6
2154849991,ups,3,5,4,2,3,3,5,2
2154850000,ups,2,2,3,2,1,0,1,1
2154857780,uob,2,4,3,5,5,2,3,4,NA,NA,NA,0,0
2154857785,uob,2,2,2,2,1,0,3,4,3,5,5,3,5
2154857787,uob,0,0,0,0,3,0,1,0,5,5,5,5,5
2154857788,uob,4,4,2,3,3,0,2,NA,NA,5,4,5,NA
2154857790,uob,0,2,2,0,1,0,1,0,4,5,5,5,5
2154857793,uob,4,4,3,2,2,3,2,1,3,3,3,NA,3
2154857794,uob,2,4,1,2,0,0,3,3,0,0,0,0,0
2154857795,uob,2,4,3,4,2,0,1,NA,NA,NA,NA,4,5
2154857796,uob,0,4,0,0,0,0,1,NA,5,5,4,5,5
2154857798,uob,2,2,2,1,0,0,0,1,NA,NA,5,5,5
2154857799,uob,0,1,0,0,0,0,0,0,3,3,3,4,4
2154857801,uob,2,3,3,2,3,3,2,1,4,4,4,4,4
2154857802,uob,3,5,4,3,5,5,5,5,NA,4,NA,NA,NA
2154861159,uob,0,1,1,0,0,0,1,0,4,4,NA,5,NA
2154861169,uob,1,1,0,0,0,1,2,NA,5,5,5,5,5
2154861171,uob,0,1,1,1,0,0,2,2,1,0,0,0,0
2154861172,uob,0,2,0,0,0,0,1,0,3,3,3,3,3
2154861327,uob,0,1,0,0,0,0,1,NA,5,5,5,5,5
2154861332,uob,0,0,0,0,0,0,0,NA,5,5,5,5,5
2154861333,uob,2,1,3,0,0,0,5,2,5,5,5,5,5
2154861336,uob,3,2,2,4,4,4,1,3,5,5,5,5,5
2154861614,uob,NA,2,1,1,4,2,2,3,NA,NA,NA,NA,NA
2154885816,uob,NA,0,NA,NA,NA,NA,NA,NA,NA,NA,NA,NA,NA
2154885819,uob,2,3,2,4,3,0,3,2,2,1,2,NA,2
2154885821,uob,0,0,1,2,2,0,3,1,4,4,4,5,5
2154885822,uob,0,2,0,5,2,0,2,1,NA,NA,NA,NA,NA
2154891146,uob,1,1,3,0,0,0,5,1,3,3,0,0,0
2154899782,uob,0,0,1,0,0,0,1,NA,3,4,3,4,5
2154899883,uob,3,4,2,4,1,0,3,3,4,5,5,5,4
2154899895,uob,0,0,0,0,0,0,0,1,0,5,0,0,5
2154899903,uob,2,4,2,4,4,3,3,1,4,5,5,5,5
2154901230,ups,5,5,NA,0,0,0,NA,0
2154901234,ups,NA,NA,0,NA,NA,NA,NA,NA
2154901238,ups,1,1,2,2,3,0,1,1
2154901242,ups,0,1,0,1,2,0,0,1
2154901244,ups,NA,NA,NA,NA,NA,NA,NA,NA
2154901248,ups,1,3,1,2,0,0,1,1
2154901250,ups,NA,5,5,NA,NA,5,NA,6
2154901254,ups,1,2,NA,NA,NA,NA,NA,0
2154901258,ups,0,1,NA,NA,NA,NA,NA,2
2154901261,ups,1,NA,NA,NA,NA,NA,NA,2
2154902236,uob,3,4,4,4,3,0,3,2,0,1,0,0,0
2154902239,uob,5,3,5,3,2,0,4,1,NA,4,5,5,5
2154902241,uob,0,0,0,0,0,0,0,NA,0,1,NA,0,0
2154920894,uob,1,2,0,0,NA,0,1,0,4,5,5,5,5
2154920896,uob,1,0,2,0,1,0,1,0,NA,NA,NA,NA,NA
2154920898,uob,NA,4,3,3,2,NA,2,NA,NA,NA,NA,NA,NA
2154920906,uob,0,0,0,0,5,0,1,1,3,5,NA,NA,5
2154920908,uob,3,3,2,4,4,3,5,5,NA,NA,NA,NA,NA
2154931154,ups,5,5,1,5,2,1,5,4
2154931165,ups,3,4,3,4,3,2,2,3
2154932757,ups,0,1,0,0,0,0,1,0
2154932879,uob,0,1,1,5,0,0,2,1,3,3,2,3,3
2154932886,uob,1,2,1,1,1,0,1,2,3,4,3,4,4
2154932890,uob,0,3,0,2,1,1,2,2,5,5,5,5,5
2154932894,uob,1,2,2,1,0,1,1,1,4,4,4,5,4
2154932900,uob,4,4,4,5,3,4,2,2,0,0,0,0,0
2154932902,uob,2,3,1,1,0,0,3,5,0,0,0,0,0
2154932904,uob,3,4,0,2,1,0,3,2,0,1,1,4,1
2154932944,ups,NA,NA,NA,NA,NA,NA,NA,3
2154954769,ups,NA,NA,NA,NA,NA,NA,NA,1
2154954783,ups,NA,NA,NA,NA,NA,NA,NA,3
2154958109,ups,2,2,4,0,4,0,1,3
2154958221,ups,NA,NA,NA,NA,NA,NA,NA,4
2154973879,ups,3,4,0,5,1,0,4,5
2154973894,ups,1,0,0,0,0,0,0,0
2154973900,ups,3,4,2,2,3,3,1,NA
2154973917,ups,5,4,4,5,3,0,0,6
2154975507,ups,0,1,NA,2,2,NA,NA,1
2154975511,ups,1,2,1,NA,NA,NA,2,2
2154975513,ups,1,NA,0,NA,NA,NA,NA,NA
2154975523,ups,0,1,NA,NA,NA,NA,NA,4
2154979199,uob,1,1,3,2,2,0,2,1,NA,2,2,NA,4
2154987875,uob,1,2,0,5,3,1,3,3,1,1,0,0,0
2155001333,ups,1,NA,NA,NA,NA,1,NA,1
2155001339,ups,NA,NA,0,0,NA,NA,NA,NA
2155001341,ups,NA,NA,0,NA,NA,NA,NA,5
2155002595,uob,3,2,2,2,2,NA,1,NA,3,NA,3,3,3
2155002600,uob,0,2,0,1,0,0,3,3,0,0,0,0,0
2155002602,uob,3,4,3,4,3,1,4,NA,1,0,NA,NA,NA
2155002604,uob,0,0,0,0,0,0,1,0,4,5,5,5,5
2155002606,uob,0,4,0,2,0,0,2,1,3,4,4,4,4
2155002613,uob,5,5,0,3,5,0,2,NA,4,NA,5,5,3
2155002617,uob,5,4,5,3,5,0,1,NA,NA,NA,NA,NA,NA
2155007686,ups,NA,NA,0,NA,NA,NA,NA,1
2155007687,ups,2,NA,NA,NA,2,NA,NA,4
2155007689,ups,1,NA,NA,NA,NA,NA,NA,NA
2155007690,ups,0,NA,NA,NA,NA,0,NA,NA
2155007691,ups,1,1,1,NA,NA,0,NA,1
2155008582,uob,1,1,0,2,1,0,2,NA,2,3,NA,NA,NA
2155008584,uob,5,4,4,5,NA,0,NA,NA,NA,NA,NA,5,NA
2155008585,uob,0,0,NA,0,0,0,3,NA,NA,NA,NA,NA,NA
2155008590,uob,NA,2,NA,0,4,0,5,1,1,5,5,5,5
2155008595,uob,5,5,5,5,4,5,5,3,NA,NA,NA,NA,NA
2155008597,uob,2,2,2,0,1,3,3,NA,3,2,1,1,1
2155008599,uob,0,1,0,0,0,0,5,NA,5,5,5,5,5
2155008601,uob,0,4,0,5,1,0,NA,2,0,0,0,0,NA
2155009527,ups,0,2,1,NA,NA,NA,NA,2
2155012133,ups,0,0,0,0,0,0,1,NA
2155012142,ups,0,0,0,0,0,0,0,1
2155012153,ups,3,4,4,3,3,2,2,3
2155012225,ups,1,1,0,1,1,0,2,1
2155028227,uob,1,2,3,2,3,4,1,2,4,5,5,5,5
2155028228,uob,2,3,2,1,5,0,2,NA,3,5,5,4,5
2155028230,uob,3,0,3,0,1,2,2,2,4,4,NA,NA,NA
2155028231,uob,0,0,0,0,0,0,1,NA,3,2,4,4,4
2155028234,uob,0,3,1,3,3,1,2,1,3,4,3,4,3
2155028236,uob,1,3,0,3,1,0,2,0,0,1,NA,1,1
2155028239,uob,0,1,0,1,0,0,1,5,3,NA,0,0,0
2155028240,uob,0,5,0,0,1,0,1,1,1,1,1,1,1
2155028243,uob,4,4,3,4,4,4,4,2,4,5,5,NA,5
2155028251,uob,3,2,2,1,1,0,2,NA,NA,NA,1,1,1
2155028260,ups,NA,NA,NA,NA,NA,NA,NA
2155028301,ups,NA,5,0,NA,0,0,NA,6
2155028305,ups,NA,NA,NA,NA,NA,NA,NA,1
2155029501,uob,0,1,0,0,0,0,0,NA,2,2,2,3,3
2155029504,uob,0,0,0,0,2,0,1,NA,3,NA,NA,3,3
2155029505,uob,2,1,3,0,0,0,4,3,1,0,1,1,0
2155052378,ups,NA,NA,NA,NA,NA,NA,NA,1
2155052393,ups,2,4,1,3,0,0,1,6
2155052413,ups,3,3,3,4,4,2,2,3
2155052419,ups,4,5,4,3,5,4,4,NA
2155052436,ups,0,2,2,0,1,0,3,2
2155052450,ups,0,3,NA,4,1,3,4,NA
2155052452,ups,3,4,2,2,3,2,0,3
2155052472,ups,0,1,0,0,0,0,0,0
2155052529,ups,0,2,4,2,0,2,5,6
2155068866,uob,1,4,1,2,1,4,5,3,5,5,0,0,0
2155068881,uob,4,5,5,5,4,0,5,3,4,5,5,5,4
2155068883,uob,5,4,4,5,5,3,5,5,1,0,NA,NA,NA
2155068885,uob,5,5,5,3,5,5,5,5,3,4,0,0,0
2155068887,uob,4,3,5,4,5,2,2,2,0,0,0,0,0
2155068889,uob,0,3,0,3,2,0,2,3,3,4,5,4,5
2155068901,uob,1,1,2,1,1,1,1,NA,5,0,NA,0,0
2155068904,uob,2,0,NA,NA,2,0,5,0,5,5,NA,0,0
2155068905,uob,0,0,0,0,0,0,0,NA,4,5,5,5,5
2155068919,uob,1,3,4,2,2,0,2,0,0,0,0,NA,0
2155068931,uob,0,1,0,0,0,0,2,1,3,5,5,NA,4
2155068933,uob,4,4,NA,1,3,3,2,1,2,NA,NA,0,0
2155068935,uob,1,3,3,0,3,0,2,3,3,4,2,3,2
2155069348,ups,NA,NA,1,NA,NA,NA,NA,2
2155069431,ups,NA,NA,0,NA,NA,NA,NA,0
2155069432,ups,0,1,0,0,0,0,2,0
2155069515,ups,0,1,0,1,0,0,3,6
2155069526,ups,4,NA,NA,3,NA,2,NA,2
2155069527,ups,0,NA,NA,5,0,0,NA,NA
2155069528,ups,5,5,1,2,NA,NA,NA,NA
2155069531,ups,1,NA,0,0,1,NA,NA,1
2155069534,ups,5,NA,NA,NA,NA,NA,NA,NA
2155069538,ups,0,5,0,0,0,0,5,2
2155069539,ups,0,1,0,1,3,0,2,2
2155069544,ups,0,NA,1,0,1,NA,NA,1
2155069548,ups,0,0,0,2,0,0,1,NA
2155069551,ups,NA,2,NA,NA,NA,NA,NA,2
2155069556,ups,0,5,NA,NA,NA,0,NA,NA
2155071799,ups,0,NA,NA,1,1,1,NA,0
2155072175,ups,5,NA,NA,NA,NA,NA,NA,NA
2155072184,ups,0,0,0,0,0,0,2,0
2155072186,ups,1,1,1,0,NA,NA,1,3
2155072274,ups,0,0,0,2,5,0,3,1
2155073485,ups,NA,NA,NA,NA,NA,NA,NA,1
2155073554,ups,NA,4,NA,NA,NA,NA,NA,2
2155073695,ups,2,3,2,2,2,0,4,NA
2155073699,ups,NA,3,NA,NA,NA,NA,NA,NA
2155073730,ups,NA,NA,NA,NA,NA,NA,NA,2
2155073735,ups,NA,NA,3,NA,NA,NA,NA,NA
2155074699,uob,2,4,1,1,0,0,1,2,5,5,5,5,5
2155074701,uob,0,0,1,0,0,0,1,NA,1,1,1,1,1
2155074702,uob,0,1,0,0,0,0,1,1,3,5,5,5,5
2155074709,uob,NA,0,4,4,2,NA,4,1,NA,NA,NA,NA,NA
2155094862,ups,2,3,1,4,2,3,3,2
2155116021,ups,NA,NA,1,0,0,NA,NA,1
2155116027,ups,2,3,3,3,NA,NA,NA,5
2155116031,ups,NA,5,4,NA,NA,NA,NA,NA
2155131358,uob,2,5,2,1,1,0,5,4,3,3,3,5,4
2155133167,ups,4,3,4,0,3,0,2,1
2155133187,ups,1,1,1,0,0,0,0,0
2155133204,ups,3,5,3,4,4,0,3,5
2155133218,ups,0,0,0,0,0,0,2,2
2155133225,ups,1,4,0,2,0,0,2,2
2155133302,uob,3,4,2,3,3,0,3,3,4,5,5,5,5
2155133309,ups,0,1,0,0,0,0,0,3
2155133359,uob,4,4,4,3,3,NA,3,3,3,4,4,NA,NA
2155133360,uob,3,2,3,2,4,0,2,2,3,NA,4,5,5
2155133363,uob,0,0,0,0,0,0,2,NA,3,2,5,5,5
2155133367,uob,0,1,0,0,0,0,0,NA,5,5,5,5,5
2155133368,uob,0,2,0,0,1,0,2,1,2,1,0,0,0
2155133372,uob,4,4,4,2,3,0,4,3,5,4,4,NA,4
2155133373,uob,NA,NA,0,NA,NA,0,NA,1,NA,NA,NA,NA,NA
2155133374,uob,3,3,1,1,1,0,3,2,2,NA,NA,NA,NA
2155133377,uob,0,0,2,2,0,0,4,5,0,0,0,NA,NA
2155133379,uob,0,1,0,1,0,0,1,0,1,2,2,NA,3
2155133753,uob,0,1,NA,1,1,0,NA,NA,NA,NA,NA,4,NA
2155133754,uob,0,2,2,NA,2,2,3,1,0,0,0,0,0
2155133756,uob,2,3,1,2,3,1,5,3,2,1,1,1,5
2155133757,uob,0,0,2,0,0,0,2,NA,1,1,1,1,2
2155133760,uob,1,4,0,1,1,1,2,2,0,0,0,0,0
2155133778,uob,0,1,0,0,0,0,1,4,0,0,0,NA,0
2155134130,uob,0,0,0,0,0,0,1,NA,2,3,3,3,3
2155136377,uob,1,1,1,0,0,1,1,0,NA,NA,NA,NA,NA
2155136397,uob,0,1,0,0,0,0,NA,0,NA,NA,0,0,0
2155140392,ups,0,0,0,0,4,0,2,3
2155140394,ups,0,1,0,0,0,0,0,0
2155140402,ups,1,2,5,2,5,3,1,3
2155148816,uob,2,2,5,0,4,2,1,1,3,4,5,5,5
2155148821,uob,0,0,0,0,0,0,0,NA,NA,NA,NA,NA,NA
2155148823,uob,1,2,2,2,4,3,1,1,NA,NA,4,4,4
2155148825,uob,1,1,1,2,2,0,1,1,3,3,3,4,3
2155148828,uob,2,0,2,2,1,2,3,3,1,2,1,2,0
2155148837,uob,4,4,4,3,5,4,5,NA,4,4,4,5,5
2155148839,uob,2,5,5,4,0,0,4,2,NA,NA,NA,NA,NA
2155148841,uob,0,2,0,0,0,0,2,NA,NA,NA,NA,NA,NA
2155153069,uob,0,3,3,4,4,0,1,2,4,5,4,4,4
2155153072,uob,0,1,0,1,1,0,0,1,3,4,4,4,4
2155153073,uob,0,1,0,0,1,0,0,1,3,4,4,4,3
2155153074,uob,0,1,0,0,0,0,0,NA,4,5,5,5,5
2155153075,uob,1,1,1,0,0,4,3,1,1,0,0,0,0
2155153076,uob,0,NA,0,1,0,0,1,NA,NA,NA,NA,NA,NA
2155153077,uob,1,4,4,5,5,2,3,3,0,0,0,0,0
2155153081,uob,0,1,0,1,1,0,5,NA,0,0,0,0,0
2155153086,uob,0,0,0,0,0,0,2,1,NA,NA,NA,NA,NA
2155153645,uob,1,1,1,1,0,0,2,1,4,5,5,5,5
2155154004,uob,1,1,1,0,0,0,0,NA,5,5,0,0,0
2155171757,uob,0,5,0,0,5,0,4,3,NA,NA,0,0,0
2155173116,uob,0,3,0,0,1,1,0,NA,5,NA,NA,NA,5
2155176992,ups,4,3,4,4,4,5,3,5
2155177004,ups,0,3,NA,4,3,NA,2,0
2155177017,ups,1,3,3,1,2,1,2,0
2155177042,ups,1,5,NA,NA,0,0,NA,1
2155177051,ups,NA,NA,NA,NA,NA,NA,NA,4
2155179201,ups,2,3,NA,4,2,NA,NA,5
2155198047,uob,0,1,5,5,0,5,2,0,4,4,4,4,5
2155198088,uob,1,1,0,1,2,0,1,NA,5,5,5,5,5
2155198093,uob,0,NA,0,0,0,0,4,2,NA,NA,0,0,0
2155209829,uob,2,1,1,1,0,0,2,NA,NA,NA,NA,NA,NA
2155209835,uob,1,3,2,2,1,1,2,2,NA,NA,NA,NA,NA
2155209846,uob,0,4,3,1,1,0,0,NA,5,5,5,5,5
2155209853,uob,0,1,0,1,1,0,1,1,1,0,NA,NA,NA
2155209859,uob,1,2,1,1,1,0,1,1,3,4,3,4,3
2155209865,uob,1,1,3,0,3,3,2,1,3,5,5,5,5
2155209872,uob,0,3,1,0,1,0,1,0,4,4,NA,NA,NA
2155209878,uob,1,2,0,0,3,2,2,2,3,3,4,5,4
2155209883,uob,2,3,1,1,2,0,1,2,5,5,5,5,5
2155217293,ups,1,NA,2,NA,NA,NA,NA,NA
2155220853,ups,1,1,0,0,0,0,2,2
2155220865,uob,1,1,1,1,3,1,1,1,4,4,4,4,4
2155220866,uob,1,1,0,1,1,0,1,0,4,NA,5,5,5
2155220868,uob,5,5,3,4,4,5,4,3,3,3,NA,NA,NA
2155220871,uob,0,1,0,0,0,0,5,NA,NA,NA,NA,NA,NA
2155220872,uob,1,2,2,1,1,0,2,0,3,3,3,4,5
2155220876,uob,0,NA,1,0,0,0,4,0,1,1,1,1,2
2155233359,ups,1,2,0,NA,1,0,2,1
2155246354,uob,1,4,2,5,2,0,2,3,3,4,2,1,1
2155246356,uob,0,4,0,0,0,0,5,NA,5,5,5,5,5
2155246358,uob,2,3,1,1,0,0,5,0,5,5,5,5,5
2155246360,uob,1,2,1,2,1,0,4,2,NA,NA,NA,NA,NA
2155246361,uob,0,2,0,0,1,0,2,NA,3,NA,NA,4,NA
2155246363,uob,1,0,0,0,0,0,1,0,0,0,0,0,0
2155246601,uob,0,0,0,0,0,0,1,NA,5,5,5,5,5
2155246772,uob,5,5,4,5,5,2,3,5,0,NA,0,0,4
2155257300,uob,1,1,1,1,1,0,1,0,3,5,NA,4,5
2155257301,uob,3,1,4,0,5,3,3,2,5,5,5,NA,4
2155257303,uob,0,0,0,0,1,1,0,1,4,4,4,4,4
2155257354,uob,1,3,3,3,3,NA,2,2,2,3,NA,4,NA
2155257364,uob,0,0,0,NA,0,0,2,0,1,NA,NA,NA,NA
2155257367,uob,0,0,0,0,0,0,5,NA,NA,NA,NA,NA,NA
2155257458,uob,0,1,1,1,1,0,1,NA,NA,NA,NA,0,NA
2155257459,uob,NA,NA,NA,NA,NA,NA,NA,NA,NA,NA,NA,NA,NA
2155257460,uob,1,2,0,1,0,0,2,1,0,0,0,0,0
2155257465,uob,5,5,3,5,1,0,2,2,4,1,4,3,4
2155257469,uob,0,1,0,0,0,1,1,0,3,2,0,4,5
2155257473,uob,0,2,0,NA,0,0,NA,2,5,5,5,5,5
2155257476,uob,0,1,0,0,2,0,2,NA,3,NA,3,4,5
2155273255,ups,3,3,3,3,4,2,3,2
2155273262,ups,3,3,3,0,3,2,3,3
2155274252,uob,2,2,2,3,3,3,2,3,5,5,5,5,5
2155274254,uob,2,5,0,5,4,5,2,2,3,5,5,4,3
2155274256,uob,1,2,1,0,2,0,2,0,0,1,1,1,5
2155274259,uob,3,3,3,3,3,5,3,1,NA,NA,NA,NA,NA
2155274261,uob,0,0,0,0,1,0,2,0,3,5,4,4,4
2155274265,uob,4,4,1,4,1,1,5,3,5,5,5,NA,NA
2155274269,uob,1,1,1,1,NA,NA,1,0,NA,NA,NA,NA,NA
2155274273,uob,1,2,0,2,2,0,1,0,3,5,5,4,5
2155274275,uob,NA,NA,NA,NA,NA,NA,NA,NA,NA,NA,NA,NA,NA
2155274279,uob,1,2,0,0,1,1,2,1,3,3,NA,4,3
2155274282,uob,4,5,4,1,5,0,4,4,5,5,5,5,5
2155276611,uob,3,2,0,0,1,0,2,1,4,5,5,5,5
2155298926,uob,0,1,0,1,1,0,0,0,4,5,3,5,4
2155298968,uob,0,0,0,0,0,0,NA,NA,NA,NA,1,1,4
2155298969,uob,0,NA,0,0,NA,0,2,1,2,2,3,2,3
2155298970,uob,NA,NA,NA,NA,0,NA,1,NA,4,5,5,5,5
2155298971,uob,5,0,0,0,0,0,3,5,0,0,0,0,0
2155298972,uob,0,2,1,1,1,0,2,2,3,4,5,4,4
2155298974,uob,5,5,5,5,4,3,5,3,5,5,5,5,5
2155298979,uob,1,1,0,0,0,0,5,3,NA,NA,NA,NA,NA
2155298981,uob,3,4,4,4,3,3,2,3,3,5,4,NA,NA
2155298986,uob,5,5,5,4,2,NA,3,4,NA,NA,NA,NA,2
2155298988,uob,0,0,0,0,0,0,1,0,4,5,5,5,5
2155300715,ups,5,NA,NA,NA,NA,NA,5,4
2155300724,ups,1,NA,NA,NA,NA,1,NA,2
2155300725,ups,NA,NA,NA,NA,NA,NA,NA,1
2155300742,ups,0,1,NA,NA,NA,NA,NA,NA
2155300743,ups,1,NA,NA,2,NA,0,NA,3
2155300746,ups,0,1,0,0,NA,0,NA,NA
2155300898,uob,1,3,0,1,2,0,5,1,3,5,5,5,4
2155300901,uob,3,3,1,0,0,0,3,NA,NA,5,5,5,5
2155300908,uob,0,0,1,0,0,0,0,1,2,1,1,0,1
2155300911,uob,2,3,4,0,4,0,1,2,2,2,2,1,2
2155300912,uob,3,3,4,3,4,NA,2,2,NA,4,3,4,3
2155300914,uob,3,3,0,4,3,0,4,3,2,2,2,2,3
2155300916,uob,3,3,3,1,5,NA,1,1,3,5,5,4,5
2155300917,uob,0,2,0,0,0,0,0,NA,4,4,4,4,4
2155301023,uob,1,1,0,0,0,0,1,NA,4,5,5,5,5
2155304206,ups,2,0,NA,0,NA,NA,1,4
2155304299,ups,0,0,1,1,0,0,1,1
2155307496,ups,0,0,1,0,0,0,0,2
2155320330,uob,0,2,0,0,2,1,1,NA,4,5,5,5,3
2155320331,uob,2,1,2,1,1,0,1,NA,NA,NA,NA,1,NA
2155320337,uob,0,NA,0,NA,0,NA,4,1,NA,NA,NA,NA,NA
2155320339,uob,1,3,1,1,1,1,4,1,1,2,2,2,1
2155340720,uob,0,2,1,0,2,0,1,1,3,4,4,4,4
2155341260,uob,4,4,1,4,2,NA,3,1,2,NA,NA,3,3
2155342042,ups,0,4,0,0,2,0,5,6
2155342430,ups,5,0,4,0,0,3,NA,1
2155342465,ups,1,2,2,3,3,0,1,1
2155342508,ups,NA,1,NA,NA,NA,NA,1,1
2155342513,ups,NA,NA,NA,NA,5,NA,NA,2
2155342544,ups,NA,NA,NA,NA,NA,NA,NA,5
2155361524,uob,5,5,5,5,4,5,5,NA,0,0,0,0,0
2155361526,uob,0,0,0,0,0,0,0,0,NA,NA,NA,NA,NA
2155361527,uob,5,5,5,4,4,3,4,5,0,0,0,0,0
2155361528,uob,1,2,0,0,0,0,1,1,NA,NA,NA,NA,NA
2155361529,uob,0,0,0,0,0,0,0,NA,4,4,4,4,4
2155361530,uob,0,0,0,0,0,0,3,NA,NA,NA,NA,NA,NA
2155361531,uob,4,5,2,5,5,0,3,3,4,5,NA,4,2
2155361534,uob,0,0,0,0,0,0,0,NA,0,0,0,0,0
2155361710,uob,3,4,4,0,NA,1,4,3,NA,NA,NA,NA,NA
2153254506,ups,5,0,5,1,0,0,0,1
